page_slug,page_type,self_path
chenaran,city,/city/chenaran/
kalat,city,/city/kalat/
bojnord,city,/city/bojnord/
esfarayen,city,/city/esfarayen/
shirvan,city,/city/shirvan/
jajarm,city,/city/jajarm/
raz-jargalan,city,/city/raz-jargalan/
faruj,city,/city/faruj/
garmeh,city,/city/garmeh/
omidiyeh,city,/city/omidiyeh/
ramhormoz,city,/city/ramhormoz/
shadegan,city,/city/shadegan/
shush,city,/city/shush/
shushtar,city,/city/shushtar/
ahvaz-city,city,/city/ahvaz-city/
andimeshk,city,/city/andimeshk/
izeh,city,/city/izeh/
bagh-e-malek,city,/city/bagh-e-malek/
bavi,city,/city/bavi/
behbahan,city,/city/behbahan/
hamidiyeh,city,/city/hamidiyeh/
khorramshahr,city,/city/khorramshahr/
dezful,city,/city/dezful/
gotvand,city,/city/gotvand/
lali,city,/city/lali/
masjed-soleyman,city,/city/masjed-soleyman/
hendijan,city,/city/hendijan/
hoveyzeh,city,/city/hoveyzeh/
abadan,city,/city/abadan/
aghajari,city,/city/aghajari/
andika,city,/city/andika/
sanandaj,city,/city/sanandaj/
sanandaj,city,/city/sanandaj/
baneh,city,/city/baneh/
bijar,city,/city/bijar/
dehgolan,city,/city/dehgolan/
divandarreh,city,/city/divandarreh/
sarvabad,city,/city/sarvabad/
saqqez,city,/city/saqqez/
kamyaran,city,/city/kamyaran/
marivan,city,/city/marivan/
ghorveh,city,/city/ghorveh/
bahar,city,/city/bahar/
razan,city,/city/razan/
tuyserkan,city,/city/tuyserkan/
kuhrang,city,/city/kuhrang/
saman,city,/city/saman/
borujen,city,/city/borujen/
lordegan,city,/city/lordegan/
farsan,city,/city/farsan/
ardal,city,/city/ardal/
kiar,city,/city/kiar/
khanmirza,city,/city/khanmirza/
ben,city,/city/ben/
farrokhshahr,city,/city/farrokhshahr/
falard,city,/city/falard/
bandar-lengeh,city,/city/bandar-lengeh/
bandar-e-abbas,city,/city/bandar-e-abbas/
hajjiabad,city,/city/hajjiabad/
sharekurd,city,/city/sharekurd/
hamedan,city,/city/hamedan/
malayer,city,/city/malayer/
nahavand,city,/city/nahavand/
kabutarahang,city,/city/kabutarahang/
asadabad,city,/city/asadabad/
minab,city,/city/minab/
qeshm,city,/city/qeshm/
abumusa,city,/city/abumusa/
jask,city,/city/jask/
rudan,city,/city/rudan/
bastak,city,/city/bastak/
parsian,city,/city/parsian/
khamir,city,/city/khamir/
sirik,city,/city/sirik/
bashagard,city,/city/bashagard/
dargazin,city,/city/dargazin/
ferdows,city,/city/ferdows/
ardakan,city,/city/ardakan/
mehriz,city,/city/mehriz/
abarkuh,city,/city/abarkuh/
bafq,city,/city/bafq/
taft,city,/city/taft/
khatam,city,/city/khatam/
ashkezar,city,/city/ashkezar/
behabad,city,/city/behabad/
gorgan,city,/city/gorgan/
gonbad-e-kavus,city,/city/gonbad-e-kavus/
kordkuy,city,/city/kordkuy/
azadshahr,city,/city/azadshahr/
ramian,city,/city/ramian/
kalaleh,city,/city/kalaleh/
minudasht,city,/city/minudasht/
maraveh-tappeh,city,/city/maraveh-tappeh/
gomishan,city,/city/gomishan/
bandar-e-gaz,city,/city/bandar-e-gaz/
rasht,city,/city/rasht/
lahijan,city,/city/lahijan/
aqqala,city,/city/aqqala/
aliabad,city,/city/aliabad/
torkaman,city,/city/torkaman/
galikash,city,/city/galikash/
yazd,city,/city/yazd/
meybod,city,/city/meybod/
zarach,city,/city/zarach/
marvast,city,/city/marvast/
talesh,city,/city/talesh/
rudsar,city,/city/rudsar/
langarud,city,/city/langarud/
bandar-e-anzali,city,/city/bandar-e-anzali/
astaneh-ye-ashrafiyeh,city,/city/astaneh-ye-ashrafiyeh/
rudbar,city,/city/rudbar/
fuman,city,/city/fuman/
astara,city,/city/astara/
rezvanshahr,city,/city/rezvanshahr/
khomam,city,/city/khomam/
masal,city,/city/masal/
shaft,city,/city/shaft/
siahkal,city,/city/siahkal/
amlash,city,/city/amlash/
kerman,city,/city/kerman/
sirjan,city,/city/sirjan/
rigan,city,/city/rigan/
narmashir,city,/city/narmashir/
sowme-eh-sara,city,/city/sowme-eh-sara/
famenin,city,/city/famenin/
rafsanjan,city,/city/rafsanjan/
jiroft,city,/city/jiroft/
bam,city,/city/bam/
zarand,city,/city/zarand/
shahr-e-babak,city,/city/shahr-e-babak/
baft,city,/city/baft/
anbarabad,city,/city/anbarabad/
bardsir,city,/city/bardsir/
qaleh-ganj,city,/city/qaleh-ganj/
fahraj,city,/city/fahraj/
manujan,city,/city/manujan/
ravar,city,/city/ravar/
arzuiyeh,city,/city/arzuiyeh/
anar,city,/city/anar/
rabor,city,/city/rabor/
faryab,city,/city/faryab/
kuhbanan,city,/city/kuhbanan/
gonbaki,city,/city/gonbaki/
rudbar-e-jonubi,city,/city/rudbar-e-jonubi/
jazmurian,city,/city/jazmurian/
kermanshah,city,/city/kermanshah/
eslamabad-e-gharb,city,/city/eslamabad-e-gharb/
paveh,city,/city/paveh/
javanrud,city,/city/javanrud/
ravansar,city,/city/ravansar/
sarpol-e-zahab,city,/city/sarpol-e-zahab/
sonqor,city,/city/sonqor/
sahneh,city,/city/sahneh/
qasr-e-shirin,city,/city/qasr-e-shirin/
kangavar,city,/city/kangavar/
harsin,city,/city/harsin/
dalahu,city,/city/dalahu/
salas-e-babajani,city,/city/salas-e-babajani/
gilan-e-gharb,city,/city/gilan-e-gharb/
zarandieh,city,/city/zarandieh/
mahallat,city,/city/mahallat/
khondab,city,/city/khondab/
delijan,city,/city/delijan/
komijan,city,/city/komijan/
kahnuj,city,/city/kahnuj/
maneh,city,/city/maneh/
samalqan,city,/city/samalqan/
bam-and-safiabad,city,/city/bam-and-safiabad/
arak,city,/city/arak/
saveh,city,/city/saveh/
shazand,city,/city/shazand/
khomeyn,city,/city/khomeyn/
farahan,city,/city/farahan/
tafresh,city,/city/tafresh/
ashtian,city,/city/ashtian/
torkamanchay,city,/city/torkamanchay/
