file,risk,issues,post_type,status,slug,url,word_count,h1_count,faq_count,source_count,internal_links,external_links,top_external_domain,top_external_domain_links,images_missing_alt,empty_anchors,editorial_residue,post_id
namayebartar.xml,P0,editorial_residue;few_internal_links,attraction,publish,bisheh-waterfall-dorud,https://sarzaminaryan.ir/attraction/bisheh-waterfall-dorud/,1300,0,5,3,0,3,visitiran.ir,2,0,0,1,2246
s-aryan-shar.xml,P0,editorial_residue,city,publish,abadan,https://sarzaminaryan.ir/city/abadan/,1271,0,10,5,12,45,fa.wikipedia.org,41,0,0,1,269
s-aryan-shar.xml,P0,body_h1,city,publish,abadeh,https://sarzaminaryan.ir/city/abadeh/,1368,1,10,5,41,25,fa.wikipedia.org,23,0,0,0,333
s-aryan-shar.xml,P0,body_h1,city,publish,abbasabad,https://sarzaminaryan.ir/city/abbasabad/,1193,1,10,5,27,11,fa.wikipedia.org,10,0,0,0,542
s-aryan-shar.xml,P0,body_h1,city,publish,abdanan,https://sarzaminaryan.ir/city/abdanan/,807,1,11,5,15,46,fa.wikipedia.org,39,0,0,0,193
s-aryan-shar.xml,P0,body_h1,city,publish,abhar,https://sarzaminaryan.ir/city/abhar/,1224,1,10,8,13,49,fa.wikipedia.org,34,0,0,0,83
s-aryan-shar.xml,P0,body_h1,city,publish,abyek,https://sarzaminaryan.ir/city/abyek/,1265,1,10,5,8,26,fa.wikipedia.org,25,0,0,0,356
s-aryan-shar.xml,P0,editorial_residue,city,publish,aghajari,https://sarzaminaryan.ir/city/aghajari/,1208,0,10,5,12,45,fa.wikipedia.org,41,0,0,1,270
s-aryan-shar.xml,P0,body_h1,city,publish,ahar,https://sarzaminaryan.ir/city/ahar/,1186,1,10,5,13,52,fa.wikipedia.org,45,0,0,0,107
s-aryan-shar.xml,P0,body_h1,city,publish,ahram,https://sarzaminaryan.ir/city/ahram/,871,1,11,5,16,45,fa.wikipedia.org,38,0,0,0,208
s-aryan-shar.xml,P0,editorial_residue,city,publish,ahvaz-city,https://sarzaminaryan.ir/city/ahvaz-city/,1232,0,10,5,12,45,fa.wikipedia.org,41,0,0,1,271
s-aryan-shar.xml,P0,body_h1,city,publish,ajabshir,https://sarzaminaryan.ir/city/ajabshir/,1205,1,10,5,13,56,fa.wikipedia.org,43,0,0,0,114
s-aryan-shar.xml,P0,body_h1,city,publish,alborz-qazvin,https://sarzaminaryan.ir/city/alborz-qazvin/,1201,1,10,5,11,21,fa.wikipedia.org,20,0,0,0,354
s-aryan-shar.xml,P0,body_h1,city,publish,aligudarz,https://sarzaminaryan.ir/city/aligudarz/,1222,1,10,5,16,29,fa.wikipedia.org,28,0,0,0,519
s-aryan-shar.xml,P0,body_h1,city,publish,amol,https://sarzaminaryan.ir/city/amol/,1254,1,10,5,28,16,fa.wikipedia.org,15,0,0,0,528
s-aryan-shar.xml,P0,editorial_residue,city,publish,andika,https://sarzaminaryan.ir/city/andika/,1217,0,10,5,12,45,fa.wikipedia.org,41,0,0,1,273
s-aryan-shar.xml,P0,editorial_residue,city,publish,andimeshk,https://sarzaminaryan.ir/city/andimeshk/,1240,0,10,5,12,45,fa.wikipedia.org,41,0,0,1,274
s-aryan-shar.xml,P0,body_h1;thin_content,city,publish,angut,https://sarzaminaryan.ir/city/angut/,799,1,10,5,13,39,fa.wikipedia.org,35,0,0,0,152
s-aryan-shar.xml,P0,body_h1,city,publish,aradan,https://sarzaminaryan.ir/city/aradan/,1205,1,10,5,16,33,fa.wikipedia.org,31,0,0,0,303
s-aryan-shar.xml,P0,body_h1,city,publish,aran-bidgol,https://sarzaminaryan.ir/city/aran-bidgol/,1183,1,11,5,13,48,fa.wikipedia.org,46,0,0,0,167
s-aryan-shar.xml,P0,body_h1;thin_content,city,publish,ardabil-city,https://sarzaminaryan.ir/city/ardabil-city/,764,1,10,5,13,49,fa.wikipedia.org,44,0,0,0,141
s-aryan-shar.xml,P0,body_h1;thin_content,city,publish,ardestan,https://sarzaminaryan.ir/city/ardestan/,770,1,11,5,13,32,fa.wikipedia.org,30,0,0,0,171
s-aryan-shar.xml,P0,body_h1,city,publish,arsanjan,https://sarzaminaryan.ir/city/arsanjan/,1226,1,10,5,46,23,fa.wikipedia.org,21,0,0,0,348
s-aryan-shar.xml,P0,body_h1,city,publish,asaluyeh,https://sarzaminaryan.ir/city/asaluyeh/,916,1,11,5,15,47,fa.wikipedia.org,40,0,0,0,206
s-aryan-shar.xml,P0,body_h1;thin_content,city,publish,aslanduz,https://sarzaminaryan.ir/city/aslanduz/,763,1,10,5,13,36,fa.wikipedia.org,32,0,0,0,149
s-aryan-shar.xml,P0,body_h1,city,publish,avaj,https://sarzaminaryan.ir/city/avaj/,1202,1,10,5,10,26,fa.wikipedia.org,24,0,0,0,357
s-aryan-shar.xml,P0,body_h1,city,publish,azarshahr,https://sarzaminaryan.ir/city/azarshahr/,1180,1,10,5,13,50,fa.wikipedia.org,44,0,0,0,106
s-aryan-shar.xml,P0,body_h1,city,publish,azna,https://sarzaminaryan.ir/city/azna/,1294,1,10,5,16,23,fa.wikipedia.org,22,0,0,0,521
s-aryan-shar.xml,P0,body_h1,city,publish,babol,https://sarzaminaryan.ir/city/babol/,1220,1,10,5,30,11,fa.wikipedia.org,10,0,0,0,527
s-aryan-shar.xml,P0,body_h1,city,publish,babolsar,https://sarzaminaryan.ir/city/babolsar/,1214,1,10,5,26,10,fa.wikipedia.org,9,0,0,0,533
s-aryan-shar.xml,P0,body_h1,city,publish,badreh,https://sarzaminaryan.ir/city/badreh/,831,1,11,5,26,45,fa.wikipedia.org,39,0,0,0,196
s-aryan-shar.xml,P0,editorial_residue,city,publish,bagh-e-malek,https://sarzaminaryan.ir/city/bagh-e-malek/,1159,0,10,5,12,45,fa.wikipedia.org,41,0,0,1,276
s-aryan-shar.xml,P0,body_h1,city,publish,baharestan,https://sarzaminaryan.ir/city/baharestan/,821,1,11,5,17,28,fa.wikipedia.org,23,0,0,0,220
s-aryan-shar.xml,P0,body_h1;thin_content,city,publish,bahmai,https://sarzaminaryan.ir/city/bahmai/,798,1,11,5,11,37,fa.wikipedia.org,35,0,0,0,434
s-aryan-shar.xml,P0,body_h1,city,publish,bakhtegan,https://sarzaminaryan.ir/city/bakhtegan/,1213,1,10,5,44,18,fa.wikipedia.org,16,0,0,0,1332
s-aryan-shar.xml,P0,body_h1,city,publish,bampur,https://sarzaminaryan.ir/city/bampur/,1176,1,10,5,34,26,fa.wikipedia.org,23,0,0,0,1324
s-aryan-shar.xml,P0,body_h1,city,publish,baruq,https://sarzaminaryan.ir/city/baruq/,1146,1,10,5,13,50,fa.wikipedia.org,43,0,0,0,128
s-aryan-shar.xml,P0,body_h1,city,publish,basht,https://sarzaminaryan.ir/city/basht/,817,1,11,5,11,37,fa.wikipedia.org,35,0,0,0,437
s-aryan-shar.xml,P0,body_h1,city,publish,bavanat,https://sarzaminaryan.ir/city/bavanat/,1225,1,10,5,41,21,fa.wikipedia.org,19,0,0,0,345
s-aryan-shar.xml,P0,editorial_residue,city,publish,bavi,https://sarzaminaryan.ir/city/bavi/,1168,0,10,5,12,45,fa.wikipedia.org,41,0,0,1,277
s-aryan-shar.xml,P0,editorial_residue,city,publish,behbahan,https://sarzaminaryan.ir/city/behbahan/,1174,0,10,5,12,45,fa.wikipedia.org,41,0,0,1,279
s-aryan-shar.xml,P0,body_h1,city,publish,behshahr,https://sarzaminaryan.ir/city/behshahr/,1206,1,10,5,26,15,fa.wikipedia.org,14,0,0,0,530
s-aryan-shar.xml,P0,body_h1,city,publish,beyza,https://sarzaminaryan.ir/city/beyza/,1199,1,10,5,43,18,fa.wikipedia.org,17,0,0,0,1333
s-aryan-shar.xml,P0,body_h1,city,publish,bileh-savar,https://sarzaminaryan.ir/city/bileh-savar/,925,1,10,5,13,40,fa.wikipedia.org,36,0,0,0,148
s-aryan-shar.xml,P0,editorial_residue,city,publish,binalud,https://sarzaminaryan.ir/city/binalud/,1322,0,10,5,12,45,fa.wikipedia.org,41,0,0,1,1322
s-aryan-shar.xml,P0,editorial_residue,city,publish,bojnord,https://sarzaminaryan.ir/city/bojnord/,1156,0,10,5,10,45,fa.wikipedia.org,41,0,0,1,71
s-aryan-shar.xml,P0,body_h1,city,publish,bonab,https://sarzaminaryan.ir/city/bonab/,1200,1,10,5,13,61,fa.wikipedia.org,49,0,0,0,109
s-aryan-shar.xml,P0,body_h1,city,publish,borazjan,https://sarzaminaryan.ir/city/borazjan/,871,1,11,5,16,47,fa.wikipedia.org,38,0,0,0,202
s-aryan-shar.xml,P0,body_h1,city,publish,borkhar,https://sarzaminaryan.ir/city/borkhar/,832,1,10,5,13,32,fa.wikipedia.org,30,0,0,0,166
s-aryan-shar.xml,P0,body_h1,city,publish,borujerd,https://sarzaminaryan.ir/city/borujerd/,1252,1,10,5,17,26,fa.wikipedia.org,25,0,0,0,515
s-aryan-shar.xml,P0,body_h1,city,publish,bostanabad,https://sarzaminaryan.ir/city/bostanabad/,1194,1,10,5,13,57,fa.wikipedia.org,43,0,0,0,108
s-aryan-shar.xml,P0,body_h1,city,publish,boyer-ahmad,https://sarzaminaryan.ir/city/boyer-ahmad/,805,1,11,5,11,36,fa.wikipedia.org,34,0,0,0,430
s-aryan-shar.xml,P0,body_h1;thin_content,city,publish,buin-miandasht,https://sarzaminaryan.ir/city/buin-miandasht/,765,1,11,5,13,32,fa.wikipedia.org,30,0,0,0,178
s-aryan-shar.xml,P0,body_h1,city,publish,buin-zahra,https://sarzaminaryan.ir/city/buin-zahra/,1227,1,10,5,12,20,fa.wikipedia.org,19,0,0,0,355
s-aryan-shar.xml,P0,body_h1,city,publish,bukan,https://sarzaminaryan.ir/city/bukan/,1212,1,10,5,13,58,fa.wikipedia.org,50,0,0,0,129
s-aryan-shar.xml,P0,body_h1,city,publish,bushehr-city,https://sarzaminaryan.ir/city/bushehr-city/,978,1,11,5,15,45,fa.wikipedia.org,20,0,0,0,201
s-aryan-shar.xml,P0,body_h1,city,publish,bushehr-county,https://sarzaminaryan.ir/city/bushehr-county/,840,1,11,5,15,44,fa.wikipedia.org,36,0,0,0,211
s-aryan-shar.xml,P0,body_h1,city,publish,chabahar,https://sarzaminaryan.ir/city/chabahar/,1196,1,10,5,34,31,fa.wikipedia.org,28,0,0,0,305
s-aryan-shar.xml,P0,body_h1;thin_content,city,publish,chadegan,https://sarzaminaryan.ir/city/chadegan/,779,1,11,5,14,31,fa.wikipedia.org,29,0,0,0,176
s-aryan-shar.xml,P0,body_h1,city,publish,chaharbagh,https://sarzaminaryan.ir/city/chaharbagh/,879,1,11,6,11,46,fa.wikipedia.org,40,0,0,0,186
s-aryan-shar.xml,P0,body_h1,city,publish,chaharborj,https://sarzaminaryan.ir/city/chaharborj/,1042,1,10,5,13,55,fa.wikipedia.org,49,0,0,0,133
s-aryan-shar.xml,P0,body_h1,city,publish,chaldoran,https://sarzaminaryan.ir/city/chaldoran/,1289,1,10,5,13,57,fa.wikipedia.org,49,0,0,0,125
s-aryan-shar.xml,P0,body_h1,city,publish,chalus,https://sarzaminaryan.ir/city/chalus/,1199,1,10,5,27,14,fa.wikipedia.org,13,0,0,0,536
s-aryan-shar.xml,P0,body_h1,city,publish,chardavol,https://sarzaminaryan.ir/city/chardavol/,819,1,11,5,18,49,fa.wikipedia.org,42,0,0,0,195
s-aryan-shar.xml,P0,body_h1,city,publish,charoymaq,https://sarzaminaryan.ir/city/charoymaq/,1198,1,10,5,13,59,fa.wikipedia.org,45,0,0,0,110
s-aryan-shar.xml,P0,body_h1,city,publish,chavar,https://sarzaminaryan.ir/city/chavar/,817,1,11,5,16,47,fa.wikipedia.org,41,0,0,0,198
s-aryan-shar.xml,P0,body_h1,city,publish,chaypareh,https://sarzaminaryan.ir/city/chaypareh/,1184,1,10,5,13,62,fa.wikipedia.org,54,0,0,0,132
s-aryan-shar.xml,P0,body_h1,city,publish,chegeni,https://sarzaminaryan.ir/city/chegeni/,1207,1,10,5,19,21,fa.wikipedia.org,20,0,0,0,523
s-aryan-shar.xml,P0,body_h1,city,publish,chenar-shahijan,https://sarzaminaryan.ir/city/chenar-shahijan/,1171,1,10,5,42,22,fa.wikipedia.org,21,0,0,0,1338
s-aryan-shar.xml,P0,editorial_residue,city,publish,chenaran,https://sarzaminaryan.ir/city/chenaran/,1456,0,10,5,13,45,fa.wikipedia.org,41,0,0,1,1318
s-aryan-shar.xml,P0,body_h1,city,publish,choram,https://sarzaminaryan.ir/city/choram/,820,1,11,5,11,34,fa.wikipedia.org,32,0,0,0,435
s-aryan-shar.xml,P0,body_h1,city,publish,dalgan,https://sarzaminaryan.ir/city/dalgan/,1207,1,10,5,34,26,fa.wikipedia.org,24,0,0,0,316
s-aryan-shar.xml,P0,body_h1,city,publish,damavand,https://sarzaminaryan.ir/city/damavand/,841,1,11,5,17,27,fa.wikipedia.org,22,0,0,0,216
s-aryan-shar.xml,P0,body_h1,city,publish,damghan,https://sarzaminaryan.ir/city/damghan/,1333,1,10,5,16,42,fa.wikipedia.org,35,0,0,0,298
s-aryan-shar.xml,P0,body_h1,city,publish,darab,https://sarzaminaryan.ir/city/darab/,1185,1,10,5,42,19,fa.wikipedia.org,18,0,0,0,329
s-aryan-shar.xml,P0,body_h1,city,publish,darreh-shahr,https://sarzaminaryan.ir/city/darreh-shahr/,836,1,11,5,16,46,fa.wikipedia.org,39,0,0,0,194
s-aryan-shar.xml,P0,body_h1,city,publish,dashtestan,https://sarzaminaryan.ir/city/dashtestan/,824,1,11,6,15,50,fa.wikipedia.org,43,0,0,0,212
s-aryan-shar.xml,P0,body_h1,city,publish,dashtiari,https://sarzaminaryan.ir/city/dashtiari/,1176,1,10,5,33,29,fa.wikipedia.org,23,0,0,0,1326
s-aryan-shar.xml,P0,body_h1,city,publish,dehaqan,https://sarzaminaryan.ir/city/dehaqan/,811,1,11,5,14,33,fa.wikipedia.org,31,0,0,0,174
s-aryan-shar.xml,P0,body_h1,city,publish,dehloran,https://sarzaminaryan.ir/city/dehloran/,802,1,11,5,18,44,fa.wikipedia.org,37,0,0,0,191
s-aryan-shar.xml,P0,body_h1,city,publish,delfan,https://sarzaminaryan.ir/city/delfan/,1239,1,10,5,18,23,fa.wikipedia.org,22,0,0,0,518
s-aryan-shar.xml,P0,body_h1,city,publish,dena,https://sarzaminaryan.ir/city/dena/,910,1,11,5,11,38,fa.wikipedia.org,36,0,0,0,433
s-aryan-shar.xml,P0,body_h1,city,publish,deylam,https://sarzaminaryan.ir/city/deylam/,860,1,11,5,14,45,fa.wikipedia.org,38,0,0,0,210
s-aryan-shar.xml,P0,body_h1,city,publish,deyr,https://sarzaminaryan.ir/city/deyr/,822,1,11,5,14,41,fa.wikipedia.org,34,0,0,0,209
s-aryan-shar.xml,P0,editorial_residue,city,publish,dezful,https://sarzaminaryan.ir/city/dezful/,1228,0,10,5,12,45,fa.wikipedia.org,41,0,0,1,282
s-aryan-shar.xml,P0,editorial_residue,city,publish,dezpart,https://sarzaminaryan.ir/city/dezpart/,1191,0,10,5,12,45,fa.wikipedia.org,41,0,0,1,592
s-aryan-shar.xml,P0,body_h1,city,publish,ejrud,https://sarzaminaryan.ir/city/ejrud/,1234,1,10,5,13,40,fa.wikipedia.org,38,0,0,0,87
s-aryan-shar.xml,P0,body_h1,city,publish,eqlid,https://sarzaminaryan.ir/city/eqlid/,1208,1,10,5,42,19,fa.wikipedia.org,17,0,0,0,334
s-aryan-shar.xml,P0,editorial_residue,city,publish,esfarayen,https://sarzaminaryan.ir/city/esfarayen/,1160,0,10,5,10,45,fa.wikipedia.org,41,0,0,1,72
s-aryan-shar.xml,P0,body_h1,city,publish,eshtehard,https://sarzaminaryan.ir/city/eshtehard/,809,1,11,5,11,46,fa.wikipedia.org,39,0,0,0,187
s-aryan-shar.xml,P0,body_h1,city,publish,eslamshahr,https://sarzaminaryan.ir/city/eslamshahr/,824,1,11,5,17,27,fa.wikipedia.org,22,0,0,0,219
s-aryan-shar.xml,P0,body_h1,city,publish,estahban,https://sarzaminaryan.ir/city/estahban/,1219,1,10,5,42,19,fa.wikipedia.org,18,0,0,0,340
s-aryan-shar.xml,P0,body_h1,city,publish,evaz,https://sarzaminaryan.ir/city/evaz/,1172,1,10,5,43,17,fa.wikipedia.org,16,0,0,0,1331
s-aryan-shar.xml,P0,body_h1;thin_content,city,publish,eyvan,https://sarzaminaryan.ir/city/eyvan/,795,1,11,5,16,43,fa.wikipedia.org,36,0,0,0,192
s-aryan-shar.xml,P0,body_h1,city,publish,falavarjan,https://sarzaminaryan.ir/city/falavarjan/,1009,1,11,5,13,46,fa.wikipedia.org,44,0,0,0,162
s-aryan-shar.xml,P0,body_h1,city,publish,fanuj,https://sarzaminaryan.ir/city/fanuj/,1204,1,10,5,34,30,fa.wikipedia.org,28,0,0,0,319
s-aryan-shar.xml,P0,body_h1,city,publish,farashband,https://sarzaminaryan.ir/city/farashband/,1175,1,10,5,44,20,fa.wikipedia.org,19,0,0,0,346
s-aryan-shar.xml,P0,body_h1,city,publish,fardis,https://sarzaminaryan.ir/city/fardis/,813,1,11,6,11,46,fa.wikipedia.org,39,0,0,0,183
s-aryan-shar.xml,P0,editorial_residue,city,publish,faruj,https://sarzaminaryan.ir/city/faruj/,1130,0,10,5,10,45,fa.wikipedia.org,41,0,0,1,78
s-aryan-shar.xml,P0,body_h1,city,publish,fasa,https://sarzaminaryan.ir/city/fasa/,1167,1,10,5,45,21,fa.wikipedia.org,20,0,0,0,328
s-aryan-shar.xml,P0,body_h1;thin_content,city,publish,fereydan,https://sarzaminaryan.ir/city/fereydan/,799,1,11,5,13,32,fa.wikipedia.org,30,0,0,0,170
s-aryan-shar.xml,P0,body_h1;thin_content,city,publish,fereydunshahr,https://sarzaminaryan.ir/city/fereydunshahr/,785,1,11,5,13,33,fa.wikipedia.org,31,0,0,0,173
s-aryan-shar.xml,P0,body_h1,city,publish,firuzabad,https://sarzaminaryan.ir/city/firuzabad/,1175,1,10,5,46,22,fa.wikipedia.org,20,0,0,0,330
s-aryan-shar.xml,P0,body_h1,city,publish,firuzkuh,https://sarzaminaryan.ir/city/firuzkuh/,824,1,11,5,17,28,fa.wikipedia.org,23,0,0,0,217
s-aryan-shar.xml,P0,body_h1,city,publish,freydunkenar,https://sarzaminaryan.ir/city/freydunkenar/,1201,1,10,5,28,13,fa.wikipedia.org,12,0,0,0,540
s-aryan-shar.xml,P0,body_h1,city,publish,gachsaran,https://sarzaminaryan.ir/city/gachsaran/,928,1,11,5,11,37,fa.wikipedia.org,35,0,0,0,432
s-aryan-shar.xml,P0,body_h1,city,publish,ganaveh,https://sarzaminaryan.ir/city/ganaveh/,977,1,11,5,15,45,fa.wikipedia.org,37,0,0,0,203
s-aryan-shar.xml,P0,editorial_residue,city,publish,garmeh,https://sarzaminaryan.ir/city/garmeh/,1160,0,10,5,10,45,fa.wikipedia.org,41,0,0,1,79
s-aryan-shar.xml,P0,body_h1,city,publish,garmsar,https://sarzaminaryan.ir/city/garmsar/,1281,1,10,5,14,34,fa.wikipedia.org,28,0,0,0,299
s-aryan-shar.xml,P0,body_h1,city,publish,gerash,https://sarzaminaryan.ir/city/gerash/,1182,1,10,5,43,24,fa.wikipedia.org,23,0,0,0,343
s-aryan-shar.xml,P0,body_h1,city,publish,germi,https://sarzaminaryan.ir/city/germi/,1113,1,10,5,13,51,fa.wikipedia.org,48,0,0,0,147
s-aryan-shar.xml,P0,body_h1;thin_content,city,publish,givi,https://sarzaminaryan.ir/city/givi/,782,1,10,5,13,43,fa.wikipedia.org,39,0,0,0,150
s-aryan-shar.xml,P0,editorial_residue,city,publish,golbahar,https://sarzaminaryan.ir/city/golbahar/,1323,0,10,5,12,45,fa.wikipedia.org,41,0,0,1,1321
s-aryan-shar.xml,P0,body_h1,city,publish,gologah,https://sarzaminaryan.ir/city/gologah/,1201,1,10,5,25,13,fa.wikipedia.org,12,0,0,0,544
s-aryan-shar.xml,P0,body_h1;thin_content,city,publish,golpayegan,https://sarzaminaryan.ir/city/golpayegan/,780,1,11,5,13,33,fa.wikipedia.org,31,0,0,0,168
s-aryan-shar.xml,P0,body_h1,city,publish,golshan,https://sarzaminaryan.ir/city/golshan/,1183,1,10,5,32,25,fa.wikipedia.org,23,0,0,0,1330
s-aryan-shar.xml,P0,body_h1,city,publish,halilan,https://sarzaminaryan.ir/city/halilan/,808,1,11,5,15,44,fa.wikipedia.org,38,0,0,0,199
s-aryan-shar.xml,P0,editorial_residue,city,publish,hamidiyeh,https://sarzaminaryan.ir/city/hamidiyeh/,1177,0,10,5,12,45,fa.wikipedia.org,41,0,0,1,280
s-aryan-shar.xml,P0,body_h1,city,publish,hamun,https://sarzaminaryan.ir/city/hamun/,1210,1,10,6,34,32,fa.wikipedia.org,25,0,0,0,322
s-aryan-shar.xml,P0,body_h1;thin_content,city,publish,harand,https://sarzaminaryan.ir/city/harand/,742,1,11,5,15,27,fa.wikipedia.org,25,0,0,0,180
s-aryan-shar.xml,P0,body_h1,city,publish,hashtrud,https://sarzaminaryan.ir/city/hashtrud/,1231,1,10,5,13,53,fa.wikipedia.org,44,0,0,0,119
s-aryan-shar.xml,P0,body_h1,city,publish,heris,https://sarzaminaryan.ir/city/heris/,1213,1,10,5,12,59,fa.wikipedia.org,50,0,0,0,118
s-aryan-shar.xml,P0,body_h1,city,publish,hirmand,https://sarzaminaryan.ir/city/hirmand/,1195,1,10,5,32,28,fa.wikipedia.org,24,0,0,0,317
s-aryan-shar.xml,P0,body_h1,city,publish,hurand,https://sarzaminaryan.ir/city/hurand/,1226,1,10,5,13,57,fa.wikipedia.org,45,0,0,0,120
s-aryan-shar.xml,P0,body_h1,city,publish,ijrud,https://sarzaminaryan.ir/city/ijrud/,825,1,11,5,14,39,fa.wikipedia.org,36,0,0,0,1501
s-aryan-shar.xml,P0,body_h1,city,publish,ilam-city,https://sarzaminaryan.ir/city/ilam-city/,879,1,11,5,19,51,fa.wikipedia.org,40,0,0,0,189
s-aryan-shar.xml,P0,body_h1,city,publish,iranshahr,https://sarzaminaryan.ir/city/iranshahr/,1187,1,10,5,38,33,fa.wikipedia.org,28,0,0,0,306
s-aryan-shar.xml,P0,body_h1,city,publish,isfahan-city,https://sarzaminaryan.ir/city/isfahan-city/,1047,1,11,5,13,43,fa.wikipedia.org,41,0,0,0,153
s-aryan-shar.xml,P0,editorial_residue,city,publish,izeh,https://sarzaminaryan.ir/city/izeh/,1180,0,10,5,12,45,fa.wikipedia.org,41,0,0,1,275
s-aryan-shar.xml,P0,body_h1;few_internal_links,city,publish,jafarabady,https://sarzaminaryan.ir/city/jafarabady/,1107,1,10,5,1,23,fa.wikipedia.org,21,0,0,0,359
s-aryan-shar.xml,P0,body_h1,city,publish,jahrom,https://sarzaminaryan.ir/city/jahrom/,1214,1,10,5,45,21,fa.wikipedia.org,20,0,0,0,326
s-aryan-shar.xml,P0,editorial_residue,city,publish,jajarm,https://sarzaminaryan.ir/city/jajarm/,1140,0,10,5,10,45,fa.wikipedia.org,41,0,0,1,75
s-aryan-shar.xml,P0,body_h1,city,publish,jam,https://sarzaminaryan.ir/city/jam/,841,1,11,6,14,43,fa.wikipedia.org,36,0,0,0,207
s-aryan-shar.xml,P0,body_h1;thin_content,city,publish,jarqavieh,https://sarzaminaryan.ir/city/jarqavieh/,790,1,11,5,13,35,fa.wikipedia.org,33,0,0,0,172
s-aryan-shar.xml,P0,body_h1,city,publish,jolfa,https://sarzaminaryan.ir/city/jolfa/,1172,1,10,5,13,60,fa.wikipedia.org,53,0,0,0,105
s-aryan-shar.xml,P0,body_h1,city,publish,jooyom,https://sarzaminaryan.ir/city/jooyom/,1211,1,10,5,44,20,fa.wikipedia.org,19,0,0,0,1334
s-aryan-shar.xml,P0,body_h1,city,publish,joybar,https://sarzaminaryan.ir/city/joybar/,1200,1,10,5,28,11,fa.wikipedia.org,10,0,0,0,538
s-aryan-shar.xml,P0,body_h1;few_internal_links,city,publish,kahak,https://sarzaminaryan.ir/city/kahak/,1122,1,10,6,1,29,fa.wikipedia.org,27,0,0,0,360
s-aryan-shar.xml,P0,editorial_residue,city,publish,kalat,https://sarzaminaryan.ir/city/kalat/,1445,0,10,5,13,45,fa.wikipedia.org,41,0,0,1,1319
s-aryan-shar.xml,P0,body_h1,city,publish,kaleybar,https://sarzaminaryan.ir/city/kaleybar/,1429,1,10,5,13,62,fa.wikipedia.org,57,0,0,0,104
s-aryan-shar.xml,P0,body_h1,city,publish,kangan,https://sarzaminaryan.ir/city/kangan/,836,1,11,5,14,46,fa.wikipedia.org,38,0,0,0,205
s-aryan-shar.xml,P0,body_h1,city,publish,karaj,https://sarzaminaryan.ir/city/karaj/,1112,1,11,7,13,64,fa.wikipedia.org,47,0,0,0,182
s-aryan-shar.xml,P0,body_h1,city,publish,kashan,https://sarzaminaryan.ir/city/kashan/,1220,1,11,5,13,48,fa.wikipedia.org,46,0,0,0,154
s-aryan-shar.xml,P0,body_h1,city,publish,kavar,https://sarzaminaryan.ir/city/kavar/,1191,1,10,5,44,22,fa.wikipedia.org,21,0,0,0,337
s-aryan-shar.xml,P0,body_h1,city,publish,kazerun,https://sarzaminaryan.ir/city/kazerun/,1169,1,10,5,42,24,fa.wikipedia.org,23,0,0,0,325
s-aryan-shar.xml,P0,body_h1,city,publish,kelardasht,https://sarzaminaryan.ir/city/kelardasht/,1196,1,10,5,27,11,fa.wikipedia.org,10,0,0,0,546
s-aryan-shar.xml,P0,body_h1,city,publish,khafr,https://sarzaminaryan.ir/city/khafr/,1205,1,10,5,44,23,fa.wikipedia.org,22,0,0,0,1335
s-aryan-shar.xml,P0,editorial_residue,city,publish,khalilabad,https://sarzaminaryan.ir/city/khalilabad/,1262,0,10,5,6,45,fa.wikipedia.org,40,0,0,1,1304
s-aryan-shar.xml,P0,body_h1,city,publish,khalkhal,https://sarzaminaryan.ir/city/khalkhal/,2001,1,14,5,13,66,fa.wikipedia.org,61,0,0,0,145
s-aryan-shar.xml,P0,body_h1,city,publish,khansar,https://sarzaminaryan.ir/city/khansar/,830,1,11,5,14,35,fa.wikipedia.org,33,0,0,0,175
s-aryan-shar.xml,P0,body_h1,city,publish,kharadere,https://sarzaminaryan.ir/city/kharadere/,1209,1,10,5,14,54,fa.wikipedia.org,33,0,0,0,84
s-aryan-shar.xml,P0,body_h1,city,publish,kharameh,https://sarzaminaryan.ir/city/kharameh/,1221,1,10,5,47,15,fa.wikipedia.org,14,0,0,0,342
s-aryan-shar.xml,P0,body_h1,city,publish,khash,https://sarzaminaryan.ir/city/khash/,1217,1,10,5,37,31,fa.wikipedia.org,28,0,0,0,309
s-aryan-shar.xml,P0,body_h1,city,publish,khoda-afarin,https://sarzaminaryan.ir/city/khoda-afarin/,1185,1,10,5,13,53,fa.wikipedia.org,36,0,0,0,111
s-aryan-shar.xml,P0,body_h1,city,publish,khodabandeh,https://sarzaminaryan.ir/city/khodabandeh/,1196,1,10,8,14,45,fa.wikipedia.org,30,0,0,0,82
s-aryan-shar.xml,P0,body_h1;thin_content,city,publish,khomeyni-shahr,https://sarzaminaryan.ir/city/khomeyni-shahr/,799,1,11,5,13,36,fa.wikipedia.org,34,0,0,0,159
s-aryan-shar.xml,P0,body_h1,city,publish,khonj,https://sarzaminaryan.ir/city/khonj/,1177,1,10,5,46,21,fa.wikipedia.org,20,0,0,0,349
s-aryan-shar.xml,P0,body_h1,city,publish,khormoj,https://sarzaminaryan.ir/city/khormoj/,807,1,11,5,15,45,fa.wikipedia.org,38,0,0,0,204
s-aryan-shar.xml,P0,body_h1,city,publish,khorramabad,https://sarzaminaryan.ir/city/khorramabad/,1238,1,10,5,21,23,fa.wikipedia.org,21,0,0,0,514
s-aryan-shar.xml,P0,body_h1,city,publish,khorrambid,https://sarzaminaryan.ir/city/khorrambid/,1221,1,10,5,42,16,fa.wikipedia.org,15,0,0,0,344
s-aryan-shar.xml,P0,body_h1,city,publish,khorramdarreh,https://sarzaminaryan.ir/city/khorramdarreh/,859,1,11,5,11,43,fa.wikipedia.org,40,0,0,0,1495
s-aryan-shar.xml,P0,editorial_residue,city,publish,khorramshahr,https://sarzaminaryan.ir/city/khorramshahr/,1201,0,10,5,12,45,fa.wikipedia.org,41,0,0,1,281
s-aryan-shar.xml,P0,body_h1,city,publish,khoy,https://sarzaminaryan.ir/city/khoy/,1241,1,10,5,13,61,fa.wikipedia.org,53,0,0,0,122
s-aryan-shar.xml,P0,body_h1,city,publish,khur-biabanak,https://sarzaminaryan.ir/city/khur-biabanak/,1163,1,11,5,13,52,fa.wikipedia.org,50,0,0,0,158
s-aryan-shar.xml,P0,body_h1;thin_content,city,publish,kohgiluyeh,https://sarzaminaryan.ir/city/kohgiluyeh/,741,1,11,5,11,32,fa.wikipedia.org,30,0,0,0,431
s-aryan-shar.xml,P0,body_h1,city,publish,konarak,https://sarzaminaryan.ir/city/konarak/,1194,1,10,5,34,30,fa.wikipedia.org,25,0,0,0,312
s-aryan-shar.xml,P0,body_h1,city,publish,kuhdasht,https://sarzaminaryan.ir/city/kuhdasht/,1214,1,10,5,19,24,fa.wikipedia.org,22,0,0,0,517
s-aryan-shar.xml,P0,body_h1;thin_content,city,publish,kuhpayeh,https://sarzaminaryan.ir/city/kuhpayeh/,768,1,11,5,16,32,fa.wikipedia.org,30,0,0,0,179
s-aryan-shar.xml,P0,editorial_residue,city,publish,kuhsorkh,https://sarzaminaryan.ir/city/kuhsorkh/,1439,0,10,5,13,45,fa.wikipedia.org,41,0,0,1,1320
s-aryan-shar.xml,P0,body_h1,city,publish,lamerd,https://sarzaminaryan.ir/city/lamerd/,1173,1,10,5,45,28,fa.wikipedia.org,27,0,0,0,335
s-aryan-shar.xml,P0,body_h1,city,publish,landeh,https://sarzaminaryan.ir/city/landeh/,873,1,11,5,11,39,fa.wikipedia.org,37,0,0,0,436
s-aryan-shar.xml,P0,body_h1,city,publish,larestan,https://sarzaminaryan.ir/city/larestan/,1207,1,10,5,45,29,fa.wikipedia.org,28,0,0,0,327
s-aryan-shar.xml,P0,body_h1,city,publish,lashar,https://sarzaminaryan.ir/city/lashar/,1183,1,10,5,35,24,fa.wikipedia.org,20,0,0,0,1329
s-aryan-shar.xml,P0,body_h1,city,publish,lenjan,https://sarzaminaryan.ir/city/lenjan/,890,1,11,5,13,40,fa.wikipedia.org,38,0,0,0,161
s-aryan-shar.xml,P0,body_h1,city,publish,mahabad,https://sarzaminaryan.ir/city/mahabad/,1170,1,10,5,13,56,fa.wikipedia.org,48,0,0,0,123
s-aryan-shar.xml,P0,body_h1,city,publish,mahmudabad,https://sarzaminaryan.ir/city/mahmudabad/,1194,1,10,5,27,10,fa.wikipedia.org,9,0,0,0,537
s-aryan-shar.xml,P0,body_h1,city,publish,mahneshan,https://sarzaminaryan.ir/city/mahneshan/,1183,1,10,7,12,49,fa.wikipedia.org,27,0,0,0,86
s-aryan-shar.xml,P0,editorial_residue,city,publish,mahshahr,https://sarzaminaryan.ir/city/mahshahr/,1227,0,10,5,12,45,fa.wikipedia.org,41,0,0,1,278
s-aryan-shar.xml,P0,editorial_residue,city,publish,mahvelat,https://sarzaminaryan.ir/city/mahvelat/,1472,0,10,5,13,45,fa.wikipedia.org,41,0,0,1,1316
s-aryan-shar.xml,P0,body_h1,city,publish,maku,https://sarzaminaryan.ir/city/maku/,1170,1,10,5,13,54,fa.wikipedia.org,45,0,0,0,126
s-aryan-shar.xml,P0,body_h1,city,publish,malard,https://sarzaminaryan.ir/city/malard/,804,1,11,5,17,28,fa.wikipedia.org,23,0,0,0,228
s-aryan-shar.xml,P0,body_h1,city,publish,malekan,https://sarzaminaryan.ir/city/malekan/,1209,1,10,5,12,54,fa.wikipedia.org,42,0,0,0,115
s-aryan-shar.xml,P0,body_h1,city,publish,malekshahi,https://sarzaminaryan.ir/city/malekshahi/,801,1,11,5,18,47,fa.wikipedia.org,40,0,0,0,197
s-aryan-shar.xml,P0,body_h1,city,publish,mamasani,https://sarzaminaryan.ir/city/mamasani/,1180,1,10,5,43,16,fa.wikipedia.org,15,0,0,0,331
s-aryan-shar.xml,P0,body_h1,city,publish,mamulan,https://sarzaminaryan.ir/city/mamulan/,1215,1,10,5,18,22,fa.wikipedia.org,21,0,0,0,525
s-aryan-shar.xml,P0,body_h1,city,publish,maragheh,https://sarzaminaryan.ir/city/maragheh/,1413,1,10,6,13,61,fa.wikipedia.org,53,0,0,0,101
s-aryan-shar.xml,P0,body_h1,city,publish,marand,https://sarzaminaryan.ir/city/marand/,1214,1,10,5,13,52,fa.wikipedia.org,48,0,0,0,102
s-aryan-shar.xml,P0,body_h1,city,publish,margoun,https://sarzaminaryan.ir/city/margoun/,819,1,11,5,11,34,fa.wikipedia.org,32,0,0,0,485
s-aryan-shar.xml,P0,body_h1,city,publish,marvdasht,https://sarzaminaryan.ir/city/marvdasht/,1164,1,10,5,46,24,fa.wikipedia.org,22,0,0,0,324
s-aryan-shar.xml,P0,body_h1,city,publish,mehdishahr,https://sarzaminaryan.ir/city/mehdishahr/,1280,1,10,5,17,49,fa.wikipedia.org,47,0,0,0,300
s-aryan-shar.xml,P0,body_h1,city,publish,mehr,https://sarzaminaryan.ir/city/mehr/,1201,1,10,5,42,16,fa.wikipedia.org,15,0,0,0,341
s-aryan-shar.xml,P0,body_h1,city,publish,mehran,https://sarzaminaryan.ir/city/mehran/,847,1,11,5,17,52,fa.wikipedia.org,44,0,0,0,190
s-aryan-shar.xml,P0,body_h1,city,publish,mehrestan,https://sarzaminaryan.ir/city/mehrestan/,1214,1,10,5,35,24,fa.wikipedia.org,22,0,0,0,315
s-aryan-shar.xml,P0,body_h1;thin_content,city,publish,meshgin-shahr,https://sarzaminaryan.ir/city/meshgin-shahr/,788,1,10,5,13,41,fa.wikipedia.org,36,0,0,0,143
s-aryan-shar.xml,P0,body_h1,city,publish,meyami,https://sarzaminaryan.ir/city/meyami/,1284,1,10,5,15,42,fa.wikipedia.org,35,0,0,0,302
s-aryan-shar.xml,P0,body_h1,city,publish,meymeh-vazvan,https://sarzaminaryan.ir/city/meymeh-vazvan/,844,1,11,5,13,41,fa.wikipedia.org,39,0,0,0,181
s-aryan-shar.xml,P0,editorial_residue,city,publish,mian-jolgeh,https://sarzaminaryan.ir/city/mian-jolgeh/,1412,0,10,5,13,45,fa.wikipedia.org,41,0,0,1,1317
s-aryan-shar.xml,P0,body_h1,city,publish,miandoab,https://sarzaminaryan.ir/city/miandoab/,1102,1,10,5,13,50,fa.wikipedia.org,46,0,0,0,138
s-aryan-shar.xml,P0,body_h1,city,publish,miandorud,https://sarzaminaryan.ir/city/miandorud/,1196,1,10,5,26,12,fa.wikipedia.org,11,0,0,0,541
s-aryan-shar.xml,P0,body_h1,city,publish,mianeh,https://sarzaminaryan.ir/city/mianeh/,1253,1,10,6,13,59,fa.wikipedia.org,46,0,0,0,116
s-aryan-shar.xml,P0,body_h1,city,publish,mirabad,https://sarzaminaryan.ir/city/mirabad/,1180,1,10,5,13,62,fa.wikipedia.org,56,0,0,0,140
s-aryan-shar.xml,P0,body_h1,city,publish,mirjaveh,https://sarzaminaryan.ir/city/mirjaveh/,1201,1,10,5,32,29,fa.wikipedia.org,24,0,0,0,321
s-aryan-shar.xml,P0,body_h1;thin_content,city,publish,mobarakeh,https://sarzaminaryan.ir/city/mobarakeh/,799,1,11,5,13,32,fa.wikipedia.org,30,0,0,0,165
s-aryan-shar.xml,P0,body_h1,city,publish,nain,https://sarzaminaryan.ir/city/nain/,1100,1,11,5,13,47,fa.wikipedia.org,45,0,0,0,157
s-aryan-shar.xml,P0,body_h1,city,publish,najafabad,https://sarzaminaryan.ir/city/najafabad/,814,1,11,5,13,39,fa.wikipedia.org,37,0,0,0,160
s-aryan-shar.xml,P0,body_h1,city,publish,namin,https://sarzaminaryan.ir/city/namin/,1040,1,10,5,14,50,fa.wikipedia.org,46,0,0,0,146
s-aryan-shar.xml,P0,body_h1,city,publish,naqadeh,https://sarzaminaryan.ir/city/naqadeh/,1192,1,10,5,13,65,fa.wikipedia.org,58,0,0,0,139
s-aryan-shar.xml,P0,body_h1,city,publish,natanz,https://sarzaminaryan.ir/city/natanz/,1196,1,11,5,13,53,fa.wikipedia.org,51,0,0,0,155
s-aryan-shar.xml,P0,body_h1,city,publish,nazarabad,https://sarzaminaryan.ir/city/nazarabad/,1188,1,11,6,10,58,fa.wikipedia.org,51,0,0,0,185
s-aryan-shar.xml,P0,body_h1,city,publish,neka,https://sarzaminaryan.ir/city/neka/,1194,1,10,5,27,13,fa.wikipedia.org,12,0,0,0,535
s-aryan-shar.xml,P0,body_h1,city,publish,neyriz,https://sarzaminaryan.ir/city/neyriz/,1176,1,10,5,45,19,fa.wikipedia.org,17,0,0,0,332
s-aryan-shar.xml,P0,body_h1,city,publish,nik-shahr,https://sarzaminaryan.ir/city/nik-shahr/,1204,1,10,5,39,30,fa.wikipedia.org,27,0,0,0,311
s-aryan-shar.xml,P0,body_h1,city,publish,nimruz,https://sarzaminaryan.ir/city/nimruz/,1196,1,10,5,32,25,fa.wikipedia.org,23,0,0,0,320
s-aryan-shar.xml,P0,body_h1,city,publish,nir,https://sarzaminaryan.ir/city/nir/,931,1,10,5,13,49,fa.wikipedia.org,45,0,0,0,151
s-aryan-shar.xml,P0,body_h1,city,publish,nowshahr,https://sarzaminaryan.ir/city/nowshahr/,1201,1,10,5,26,13,fa.wikipedia.org,12,0,0,0,532
s-aryan-shar.xml,P0,body_h1,city,publish,nur,https://sarzaminaryan.ir/city/nur/,1201,1,10,5,28,17,fa.wikipedia.org,16,0,0,0,534
s-aryan-shar.xml,P0,editorial_residue,city,publish,omidiyeh,https://sarzaminaryan.ir/city/omidiyeh/,1189,0,10,5,12,45,fa.wikipedia.org,41,0,0,1,272
s-aryan-shar.xml,P0,body_h1,city,publish,oshnavieh,https://sarzaminaryan.ir/city/oshnavieh/,1050,1,10,5,13,46,fa.wikipedia.org,41,0,0,0,127
s-aryan-shar.xml,P0,body_h1,city,publish,osku,https://sarzaminaryan.ir/city/osku/,1249,1,10,5,13,56,fa.wikipedia.org,52,0,0,0,103
s-aryan-shar.xml,P0,body_h1,city,publish,pakdasht,https://sarzaminaryan.ir/city/pakdasht/,820,1,11,5,17,27,fa.wikipedia.org,22,0,0,0,221
s-aryan-shar.xml,P0,body_h1,city,publish,pardis,https://sarzaminaryan.ir/city/pardis/,820,1,11,5,17,28,fa.wikipedia.org,23,0,0,0,222
s-aryan-shar.xml,P0,body_h1;thin_content,city,publish,parsabad,https://sarzaminaryan.ir/city/parsabad/,799,1,12,5,13,42,fa.wikipedia.org,37,0,0,0,144
s-aryan-shar.xml,P0,body_h1,city,publish,pasargad,https://sarzaminaryan.ir/city/pasargad/,1183,1,10,5,44,28,fa.wikipedia.org,26,0,0,0,351
s-aryan-shar.xml,P0,body_h1,city,publish,piranshahr,https://sarzaminaryan.ir/city/piranshahr/,1086,1,10,5,13,48,fa.wikipedia.org,43,0,0,0,131
s-aryan-shar.xml,P0,body_h1,city,publish,pishva,https://sarzaminaryan.ir/city/pishva/,822,1,11,5,17,28,fa.wikipedia.org,23,0,0,0,223
s-aryan-shar.xml,P0,body_h1,city,publish,pol-e-dokhtar,https://sarzaminaryan.ir/city/pol-e-dokhtar/,1265,1,10,5,17,30,fa.wikipedia.org,28,0,0,0,522
s-aryan-shar.xml,P0,body_h1,city,publish,poldasht,https://sarzaminaryan.ir/city/poldasht/,1167,1,10,5,13,52,fa.wikipedia.org,44,0,0,0,130
s-aryan-shar.xml,P0,body_h1,city,publish,qaemshahr,https://sarzaminaryan.ir/city/qaemshahr/,1200,1,10,5,29,12,fa.wikipedia.org,11,0,0,0,529
s-aryan-shar.xml,P0,body_h1,city,publish,qarchak,https://sarzaminaryan.ir/city/qarchak/,816,1,11,5,17,27,fa.wikipedia.org,22,0,0,0,227
s-aryan-shar.xml,P0,body_h1,city,publish,qasr-e-qand,https://sarzaminaryan.ir/city/qasr-e-qand/,1182,1,10,5,37,27,fa.wikipedia.org,23,0,0,0,318
s-aryan-shar.xml,P0,body_h1,city,publish,qazvin-city,https://sarzaminaryan.ir/city/qazvin-city/,1229,1,10,6,11,38,fa.wikipedia.org,35,0,0,0,352
s-aryan-shar.xml,P0,body_h1,city,publish,qir-va-karzin,https://sarzaminaryan.ir/city/qir-va-karzin/,1200,1,10,5,44,21,fa.wikipedia.org,20,0,0,0,339
s-aryan-shar.xml,P0,body_h1,city,publish,qods,https://sarzaminaryan.ir/city/qods/,810,1,11,5,17,27,fa.wikipedia.org,22,0,0,0,226
s-aryan-shar.xml,P0,body_h1;few_internal_links,city,publish,qom-city,https://sarzaminaryan.ir/city/qom-city/,1308,1,10,6,1,25,fa.wikipedia.org,22,0,0,0,358
s-aryan-shar.xml,P0,body_h1,city,publish,ramsar,https://sarzaminaryan.ir/city/ramsar/,1200,1,10,5,25,13,fa.wikipedia.org,12,0,0,0,539
s-aryan-shar.xml,P0,body_h1,city,publish,rask,https://sarzaminaryan.ir/city/rask/,1199,1,10,5,33,24,fa.wikipedia.org,22,0,0,0,1327
s-aryan-shar.xml,P0,editorial_residue,city,publish,raz-jargalan,https://sarzaminaryan.ir/city/raz-jargalan/,1194,0,10,5,10,45,fa.wikipedia.org,41,0,0,1,77
s-aryan-shar.xml,P0,body_h1,city,publish,rey,https://sarzaminaryan.ir/city/rey/,844,1,11,5,17,27,fa.wikipedia.org,22,0,0,0,214
s-aryan-shar.xml,P0,body_h1,city,publish,robat-karim,https://sarzaminaryan.ir/city/robat-karim/,822,1,11,5,17,27,fa.wikipedia.org,22,0,0,0,224
s-aryan-shar.xml,P0,body_h1,city,publish,rostam,https://sarzaminaryan.ir/city/rostam/,1173,1,10,5,40,22,fa.wikipedia.org,20,0,0,0,347
s-aryan-shar.xml,P0,body_h1,city,publish,rumeshkan,https://sarzaminaryan.ir/city/rumeshkan/,1208,1,10,5,16,27,fa.wikipedia.org,26,0,0,0,524
s-aryan-shar.xml,P0,body_h1,city,publish,salmas,https://sarzaminaryan.ir/city/salmas/,1171,1,10,5,13,56,fa.wikipedia.org,50,0,0,0,135
s-aryan-shar.xml,P0,body_h1,city,publish,sarab,https://sarzaminaryan.ir/city/sarab/,1184,1,10,5,13,53,fa.wikipedia.org,40,0,0,0,112
s-aryan-shar.xml,P0,body_h1,city,publish,saravan,https://sarzaminaryan.ir/city/saravan/,1195,1,10,5,32,34,fa.wikipedia.org,29,0,0,0,307
s-aryan-shar.xml,P0,body_h1,city,publish,sarbaz,https://sarzaminaryan.ir/city/sarbaz/,1201,1,10,5,35,30,fa.wikipedia.org,27,0,0,0,308
s-aryan-shar.xml,P0,body_h1,city,publish,sarchahan,https://sarzaminaryan.ir/city/sarchahan/,1195,1,10,5,41,22,fa.wikipedia.org,21,0,0,0,1337
s-aryan-shar.xml,P0,body_h1,city,publish,sardasht,https://sarzaminaryan.ir/city/sardasht/,1176,1,10,5,13,58,fa.wikipedia.org,50,0,0,0,134
s-aryan-shar.xml,P0,body_h1;thin_content,city,publish,sarein,https://sarzaminaryan.ir/city/sarein/,768,1,10,5,13,44,fa.wikipedia.org,39,0,0,0,142
s-aryan-shar.xml,P0,body_h1,city,publish,sari,https://sarzaminaryan.ir/city/sari/,1194,1,10,5,28,15,fa.wikipedia.org,14,0,0,0,526
s-aryan-shar.xml,P0,body_h1,city,publish,sarvestan,https://sarzaminaryan.ir/city/sarvestan/,1179,1,10,5,43,22,fa.wikipedia.org,20,0,0,0,350
s-aryan-shar.xml,P0,body_h1,city,publish,savadkuh,https://sarzaminaryan.ir/city/savadkuh/,1202,1,11,5,26,20,fa.wikipedia.org,19,0,0,0,543
s-aryan-shar.xml,P0,body_h1,city,publish,savadkuh-shomali,https://sarzaminaryan.ir/city/savadkuh-shomali/,1200,1,12,5,27,13,fa.wikipedia.org,12,0,0,0,545
s-aryan-shar.xml,P0,body_h1,city,publish,savojablogh,https://sarzaminaryan.ir/city/savojablogh/,1057,1,11,7,13,58,fa.wikipedia.org,48,0,0,0,184
s-aryan-shar.xml,P0,body_h1,city,publish,selseleh,https://sarzaminaryan.ir/city/selseleh/,1221,1,10,5,18,22,fa.wikipedia.org,21,0,0,0,520
s-aryan-shar.xml,P0,body_h1,city,publish,semirom,https://sarzaminaryan.ir/city/semirom/,1280,1,11,5,13,49,fa.wikipedia.org,47,0,0,0,156
s-aryan-shar.xml,P0,body_h1,city,publish,semnan-city,https://sarzaminaryan.ir/city/semnan-city/,1570,1,10,5,19,45,fa.wikipedia.org,43,0,0,0,296
s-aryan-shar.xml,P0,body_h1,city,publish,sepidan,https://sarzaminaryan.ir/city/sepidan/,1198,1,10,5,43,19,fa.wikipedia.org,17,0,0,0,336
s-aryan-shar.xml,P0,body_h1,city,publish,shabestar,https://sarzaminaryan.ir/city/shabestar/,1197,1,10,5,13,57,fa.wikipedia.org,43,0,0,0,113
s-aryan-shar.xml,P0,body_h1,city,publish,shahin-dezh,https://sarzaminaryan.ir/city/shahin-dezh/,1218,1,10,5,13,58,fa.wikipedia.org,51,0,0,0,136
s-aryan-shar.xml,P0,body_h1,city,publish,shahin-shahr-meymeh,https://sarzaminaryan.ir/city/shahin-shahr-meymeh/,826,1,11,5,13,36,fa.wikipedia.org,34,0,0,0,163
s-aryan-shar.xml,P0,body_h1;thin_content,city,publish,shahreza,https://sarzaminaryan.ir/city/shahreza/,799,1,11,5,14,36,fa.wikipedia.org,34,0,0,0,164
s-aryan-shar.xml,P0,body_h1,city,publish,shahriar,https://sarzaminaryan.ir/city/shahriar/,814,1,11,5,17,27,fa.wikipedia.org,22,0,0,0,225
s-aryan-shar.xml,P0,body_h1,city,publish,shahrud,https://sarzaminaryan.ir/city/shahrud/,1329,1,10,5,16,37,fa.wikipedia.org,28,0,0,0,297
s-aryan-shar.xml,P0,body_h1,city,publish,shemiranat,https://sarzaminaryan.ir/city/shemiranat/,844,1,11,5,17,28,fa.wikipedia.org,23,0,0,0,215
s-aryan-shar.xml,P0,body_h1,city,publish,shiraz,https://sarzaminaryan.ir/city/shiraz/,1181,1,10,5,47,26,fa.wikipedia.org,24,0,0,0,323
s-aryan-shar.xml,P0,editorial_residue,city,publish,shirvan,https://sarzaminaryan.ir/city/shirvan/,1132,0,10,5,10,45,fa.wikipedia.org,41,0,0,1,73
s-aryan-shar.xml,P0,body_h1,city,publish,showt,https://sarzaminaryan.ir/city/showt/,1039,1,10,5,13,53,fa.wikipedia.org,48,0,0,0,137
s-aryan-shar.xml,P0,body_h1,city,publish,sib-va-suran,https://sarzaminaryan.ir/city/sib-va-suran/,1182,1,10,5,33,25,fa.wikipedia.org,23,0,0,0,313
s-aryan-shar.xml,P0,body_h1,city,publish,simorgh,https://sarzaminaryan.ir/city/simorgh/,1210,1,12,5,26,12,fa.wikipedia.org,11,0,0,0,547
s-aryan-shar.xml,P0,body_h1,city,publish,sirvan,https://sarzaminaryan.ir/city/sirvan/,802,1,11,6,19,50,fa.wikipedia.org,43,0,0,0,200
s-aryan-shar.xml,P0,body_h1,city,publish,soltaniyeh,https://sarzaminaryan.ir/city/soltaniyeh/,1186,1,10,6,14,45,fa.wikipedia.org,36,0,0,0,88
s-aryan-shar.xml,P0,body_h1,city,publish,sorkheh,https://sarzaminaryan.ir/city/sorkheh/,1278,1,10,5,16,37,fa.wikipedia.org,33,0,0,0,301
s-aryan-shar.xml,P0,body_h1,city,publish,tabriz,https://sarzaminaryan.ir/city/tabriz/,1551,1,10,6,13,64,fa.wikipedia.org,45,0,0,0,100
s-aryan-shar.xml,P0,body_h1,city,publish,taftan,https://sarzaminaryan.ir/city/taftan/,1175,1,10,5,34,29,fa.wikipedia.org,25,0,0,0,1325
s-aryan-shar.xml,P0,body_h1,city,publish,takab,https://sarzaminaryan.ir/city/takab/,1140,1,10,6,13,54,fa.wikipedia.org,41,0,0,0,124
s-aryan-shar.xml,P0,body_h1,city,publish,takestan,https://sarzaminaryan.ir/city/takestan/,1204,1,10,5,12,23,fa.wikipedia.org,22,0,0,0,353
s-aryan-shar.xml,P0,body_h1,city,publish,taleghan,https://sarzaminaryan.ir/city/taleghan/,1019,1,11,6,10,52,fa.wikipedia.org,45,0,0,0,188
s-aryan-shar.xml,P0,body_h1,city,publish,tarom,https://sarzaminaryan.ir/city/tarom/,1232,1,10,9,12,46,fa.wikipedia.org,32,0,0,0,85
s-aryan-shar.xml,P0,body_h1,city,publish,tehran-city,https://sarzaminaryan.ir/city/tehran-city/,865,1,11,5,17,29,fa.wikipedia.org,24,0,0,0,213
s-aryan-shar.xml,P0,body_h1;thin_content,city,publish,tiran-karvan,https://sarzaminaryan.ir/city/tiran-karvan/,799,1,11,5,13,33,fa.wikipedia.org,31,0,0,0,169
s-aryan-shar.xml,P0,body_h1,city,publish,tonekabon,https://sarzaminaryan.ir/city/tonekabon/,1196,1,10,5,27,9,fa.wikipedia.org,8,0,0,0,531
s-aryan-shar.xml,P0,body_h1,city,publish,urmia,https://sarzaminaryan.ir/city/urmia/,1289,1,10,5,13,56,fa.wikipedia.org,47,0,0,0,121
s-aryan-shar.xml,P0,body_h1,city,publish,varamin,https://sarzaminaryan.ir/city/varamin/,811,1,11,5,17,27,fa.wikipedia.org,22,0,0,0,218
s-aryan-shar.xml,P0,body_h1;thin_content,city,publish,varzaneh,https://sarzaminaryan.ir/city/varzaneh/,784,1,11,5,17,28,fa.wikipedia.org,26,0,0,0,177
s-aryan-shar.xml,P0,body_h1,city,publish,varzaqan,https://sarzaminaryan.ir/city/varzaqan/,1225,1,10,5,13,57,fa.wikipedia.org,45,0,0,0,117
s-aryan-shar.xml,P0,body_h1,city,publish,zabol,https://sarzaminaryan.ir/city/zabol/,1239,1,10,5,34,31,fa.wikipedia.org,28,0,0,0,310
s-aryan-shar.xml,P0,body_h1,city,publish,zahedan,https://sarzaminaryan.ir/city/zahedan/,1201,1,10,5,34,25,fa.wikipedia.org,22,0,0,0,304
s-aryan-shar.xml,P0,body_h1,city,publish,zanjan-city,https://sarzaminaryan.ir/city/zanjan-city/,1212,1,10,6,17,41,fa.wikipedia.org,39,0,0,0,81
s-aryan-shar.xml,P0,body_h1,city,publish,zarabad,https://sarzaminaryan.ir/city/zarabad/,1183,1,10,5,32,26,fa.wikipedia.org,24,0,0,0,1328
s-aryan-shar.xml,P0,body_h1,city,publish,zarghan,https://sarzaminaryan.ir/city/zarghan/,1204,1,10,5,43,17,fa.wikipedia.org,16,0,0,0,1336
s-aryan-shar.xml,P0,body_h1,city,publish,zarrin-dasht,https://sarzaminaryan.ir/city/zarrin-dasht/,1175,1,10,5,47,18,fa.wikipedia.org,17,0,0,0,338
s-aryan-shar.xml,P0,editorial_residue,city,publish,zebarkhan,https://sarzaminaryan.ir/city/zebarkhan/,1345,0,10,5,12,45,fa.wikipedia.org,41,0,0,1,1323
s-aryan-shar.xml,P0,body_h1,city,publish,zehak,https://sarzaminaryan.ir/city/zehak/,1182,1,10,5,33,28,fa.wikipedia.org,24,0,0,0,314
s.aryan.ostanha.31.xml,P0,editorial_residue;few_internal_links,province,publish,alborz,https://sarzaminaryan.ir/province/alborz/,5091,0,12,49,1,157,fa.wikipedia.org,49,0,0,1,37
s.aryan.ostanha.31.xml,P0,editorial_residue;few_internal_links,province,publish,bushehr,https://sarzaminaryan.ir/province/bushehr/,5433,0,12,36,1,167,web.archive.org,30,0,0,1,41
s.aryan.ostanha.31.xml,P0,editorial_residue;few_internal_links,province,publish,kermanshah,https://sarzaminaryan.ir/province/kermanshah/,7980,0,12,90,3,2,fa.wikipedia.org,2,0,0,1,408
s.aryan.ostanha.31.xml,P0,editorial_residue;few_internal_links,province,publish,razavi-khorasan,https://sarzaminaryan.ir/province/razavi-khorasan/,4758,0,12,10,1,27,fa.wikipedia.org,14,0,0,1,50
s.aryan.ostanha.31.xml,P0,editorial_residue;few_internal_links,province,publish,west-azerbaijan,https://sarzaminaryan.ir/province/west-azerbaijan/,7787,0,13,46,1,113,ostan-ag.gov.ir,20,0,0,1,31
s.aryan.ostanha.31.xml,P0,editorial_residue;few_internal_links,province,publish,zanjan,https://sarzaminaryan.ir/province/zanjan/,4594,0,12,40,1,152,irna.ir,54,0,0,1,54
namayebartar.xml,P1,duplicate_seo,attraction,publish,aznadar-waterfall-doroud,https://sarzaminaryan.ir/attraction/aznadar-waterfall-doroud/,1492,0,11,8,20,0,,0,0,0,0,2270
namayebartar.xml,P1,duplicate_seo,attraction,publish,falak-ol-aflak-castle-khorramabad,https://sarzaminaryan.ir/attraction/falak-ol-aflak-castle-khorramabad/,1555,0,12,8,18,0,,0,0,0,0,2278
namayebartar.xml,P1,duplicate_seo,attraction,publish,nigah-valley-dorud-2,https://sarzaminaryan.ir/attraction/nigah-valley-dorud-2/,1617,0,12,6,9,0,,0,0,0,0,2396
namayebartar.xml,P2,duplicate_seo,attraction,draft,nigah-valley-dorud,https://sarzaminaryan.ir/?post_type=attraction&p=2394,1617,0,12,6,9,0,,0,0,0,0,2394
s-aryan-shar.xml,P2,thin_content,city,publish,abarkuh,https://sarzaminaryan.ir/city/abarkuh/,713,0,5,6,7,8,fa.wikipedia.org,3,0,0,0,1940
s-aryan-shar.xml,P2,thin_content,city,publish,abumusa,https://sarzaminaryan.ir/city/abumusa/,747,0,5,6,7,7,fa.wikipedia.org,3,0,0,0,641
s-aryan-shar.xml,P2,thin_content,city,publish,aliabad,https://sarzaminaryan.ir/city/aliabad/,738,0,5,6,7,7,fa.wikipedia.org,3,0,0,0,1872
s-aryan-shar.xml,P2,thin_content,city,publish,amlash,https://sarzaminaryan.ir/city/amlash/,688,0,5,6,7,7,fa.wikipedia.org,3,0,0,0,469
s-aryan-shar.xml,P2,thin_content,city,publish,anar,https://sarzaminaryan.ir/city/anar/,653,0,5,6,7,7,fa.wikipedia.org,4,0,0,0,508
s-aryan-shar.xml,P2,thin_content,city,publish,anbarabad,https://sarzaminaryan.ir/city/anbarabad/,659,0,5,6,7,7,fa.wikipedia.org,4,0,0,0,498
s-aryan-shar.xml,P2,thin_content,city,publish,aqqala,https://sarzaminaryan.ir/city/aqqala/,724,0,5,6,7,7,fa.wikipedia.org,4,0,0,0,487
s-aryan-shar.xml,P2,thin_content,city,publish,arak,https://sarzaminaryan.ir/city/arak/,789,0,5,6,7,9,fa.wikipedia.org,5,0,0,0,565
s-aryan-shar.xml,P2,thin_content,city,publish,ardakan,https://sarzaminaryan.ir/city/ardakan/,703,0,5,6,7,8,fa.wikipedia.org,3,0,0,0,1938
s-aryan-shar.xml,P2,thin_content,city,publish,ardal,https://sarzaminaryan.ir/city/ardal/,734,0,5,6,7,7,fa.wikipedia.org,3,0,0,0,235
s-aryan-shar.xml,P2,thin_content,city,publish,arzuiyeh,https://sarzaminaryan.ir/city/arzuiyeh/,647,0,5,6,7,7,fa.wikipedia.org,4,0,0,0,507
s-aryan-shar.xml,P2,thin_content,city,publish,asadabad,https://sarzaminaryan.ir/city/asadabad/,674,0,5,6,7,7,citypopulation.de,2,0,0,0,1930
s-aryan-shar.xml,P2,thin_content,city,publish,ashkezar,https://sarzaminaryan.ir/city/ashkezar/,701,0,5,6,7,8,fa.wikipedia.org,3,0,0,0,1944
s-aryan-shar.xml,P2,thin_content,city,publish,ashtian,https://sarzaminaryan.ir/city/ashtian/,758,0,5,6,7,9,fa.wikipedia.org,5,0,0,0,576
s-aryan-shar.xml,P2,thin_content,city,publish,astaneh-ye-ashrafiyeh,https://sarzaminaryan.ir/city/astaneh-ye-ashrafiyeh/,703,0,5,6,7,7,fa.wikipedia.org,3,0,0,0,460
s-aryan-shar.xml,P2,thin_content,city,publish,astara,https://sarzaminaryan.ir/city/astara/,707,0,5,6,7,7,fa.wikipedia.org,3,0,0,0,463
s-aryan-shar.xml,P2,thin_content,city,publish,azadshahr,https://sarzaminaryan.ir/city/azadshahr/,727,0,5,6,7,7,fa.wikipedia.org,3,0,0,0,444
s-aryan-shar.xml,P2,thin_content,city,publish,bafq,https://sarzaminaryan.ir/city/bafq/,712,0,5,6,7,8,fa.wikipedia.org,4,0,0,0,1941
s-aryan-shar.xml,P2,thin_content,city,publish,baft,https://sarzaminaryan.ir/city/baft/,664,0,5,6,7,7,fa.wikipedia.org,4,0,0,0,497
s-aryan-shar.xml,P2,thin_content,city,publish,bahar,https://sarzaminaryan.ir/city/bahar/,684,0,5,6,7,7,maps.google.com,2,0,0,0,1927
s-aryan-shar.xml,P2,thin_content,city,publish,bam,https://sarzaminaryan.ir/city/bam/,705,0,5,6,7,7,fa.wikipedia.org,4,0,0,0,493
s-aryan-shar.xml,P2,thin_content;few_internal_links,city,publish,bam-and-safiabad,https://sarzaminaryan.ir/city/bam-and-safiabad/,746,0,3,5,4,7,fa.wikipedia.org,5,0,0,0,80
s-aryan-shar.xml,P2,thin_content,city,publish,bandar-e-abbas,https://sarzaminaryan.ir/city/bandar-e-abbas/,763,0,5,6,7,7,fa.wikipedia.org,3,0,0,0,1885
s-aryan-shar.xml,P2,thin_content,city,publish,bandar-e-anzali,https://sarzaminaryan.ir/city/bandar-e-anzali/,731,0,5,6,7,7,fa.wikipedia.org,3,0,0,0,458
s-aryan-shar.xml,P2,thin_content,city,publish,bandar-e-gaz,https://sarzaminaryan.ir/city/bandar-e-gaz/,751,0,5,6,7,7,fa.wikipedia.org,3,0,0,0,452
s-aryan-shar.xml,P2,thin_content,city,publish,bandar-lengeh,https://sarzaminaryan.ir/city/bandar-lengeh/,750,0,5,6,7,7,fa.wikipedia.org,3,0,0,0,638
s-aryan-shar.xml,P2,thin_content,city,publish,baneh,https://sarzaminaryan.ir/city/baneh/,719,0,5,6,7,9,ostan-kd.ir,3,0,0,0,396
s-aryan-shar.xml,P2,thin_content,city,publish,bardsir,https://sarzaminaryan.ir/city/bardsir/,655,0,5,6,7,7,fa.wikipedia.org,4,0,0,0,499
s-aryan-shar.xml,P2,thin_content,city,publish,bashagard,https://sarzaminaryan.ir/city/bashagard/,715,0,5,6,7,7,fa.wikipedia.org,3,0,0,0,649
s-aryan-shar.xml,P2,thin_content,city,publish,bastak,https://sarzaminaryan.ir/city/bastak/,742,0,5,6,7,7,fa.wikipedia.org,3,0,0,0,645
s-aryan-shar.xml,P2,thin_content,city,publish,behabad,https://sarzaminaryan.ir/city/behabad/,713,0,5,6,7,8,fa.wikipedia.org,3,0,0,0,1945
s-aryan-shar.xml,P2,thin_content,city,publish,ben,https://sarzaminaryan.ir/city/ben/,740,0,5,6,7,7,fa.wikipedia.org,4,0,0,0,238
s-aryan-shar.xml,P2,thin_content,city,publish,bijar,https://sarzaminaryan.ir/city/bijar/,728,0,5,6,7,9,fa.wikipedia.org,3,0,0,0,397
s-aryan-shar.xml,P2,thin_content,city,publish,borujen,https://sarzaminaryan.ir/city/borujen/,749,0,5,6,7,7,fa.wikipedia.org,3,0,0,0,232
s-aryan-shar.xml,P2,thin_content,city,publish,dalahu,https://sarzaminaryan.ir/city/dalahu/,684,0,5,6,7,7,fa.wikipedia.org,4,0,0,0,429
s-aryan-shar.xml,P2,few_internal_links,city,publish,dargaz,https://sarzaminaryan.ir/city/dargaz/,1275,0,10,5,4,45,fa.wikipedia.org,40,0,0,0,1308
s-aryan-shar.xml,P2,thin_content,city,publish,dargazin,https://sarzaminaryan.ir/city/dargazin/,685,0,5,6,7,7,fa.wikipedia.org,3,0,0,0,1298
s-aryan-shar.xml,P2,few_internal_links,city,publish,davarzan,https://sarzaminaryan.ir/city/davarzan/,1245,0,10,5,4,45,fa.wikipedia.org,40,0,0,0,1307
s-aryan-shar.xml,P2,thin_content,city,publish,dehgolan,https://sarzaminaryan.ir/city/dehgolan/,725,0,5,6,7,9,ostan-kd.ir,3,0,0,0,398
s-aryan-shar.xml,P2,thin_content,city,publish,delijan,https://sarzaminaryan.ir/city/delijan/,765,0,5,6,7,9,fa.wikipedia.org,5,0,0,0,572
s-aryan-shar.xml,P2,thin_content,city,publish,divandarreh,https://sarzaminaryan.ir/city/divandarreh/,716,0,5,6,7,9,fa.wikipedia.org,3,0,0,0,399
s-aryan-shar.xml,P2,thin_content,city,publish,eslamabad-e-gharb,https://sarzaminaryan.ir/city/eslamabad-e-gharb/,704,0,5,6,7,7,fa.wikipedia.org,4,0,0,0,417
s-aryan-shar.xml,P2,thin_content,city,publish,fahraj,https://sarzaminaryan.ir/city/fahraj/,672,0,5,6,7,7,fa.wikipedia.org,4,0,0,0,501
s-aryan-shar.xml,P2,thin_content,city,publish,falard,https://sarzaminaryan.ir/city/falard/,747,0,5,6,7,7,fa.wikipedia.org,4,0,0,0,240
s-aryan-shar.xml,P2,thin_content,city,publish,famenin,https://sarzaminaryan.ir/city/famenin/,696,0,5,6,7,7,citypopulation.de,2,0,0,0,1931
s-aryan-shar.xml,P2,thin_content,city,publish,farahan,https://sarzaminaryan.ir/city/farahan/,748,0,5,6,7,9,fa.wikipedia.org,5,0,0,0,574
s-aryan-shar.xml,P2,thin_content,city,publish,farrokhshahr,https://sarzaminaryan.ir/city/farrokhshahr/,745,0,5,6,7,7,fa.wikipedia.org,4,0,0,0,239
s-aryan-shar.xml,P2,thin_content,city,publish,farsan,https://sarzaminaryan.ir/city/farsan/,734,0,5,6,7,7,fa.wikipedia.org,3,0,0,0,234
s-aryan-shar.xml,P2,thin_content,city,publish,faryab,https://sarzaminaryan.ir/city/faryab/,646,0,5,6,7,7,fa.wikipedia.org,4,0,0,0,510
s-aryan-shar.xml,P2,thin_content;few_internal_links,city,publish,ferdows,https://sarzaminaryan.ir/city/ferdows/,743,0,3,5,4,8,fa.wikipedia.org,5,0,0,0,1300
s-aryan-shar.xml,P2,few_internal_links,city,publish,firuzeh,https://sarzaminaryan.ir/city/firuzeh/,1213,0,10,5,4,45,fa.wikipedia.org,40,0,0,0,1315
s-aryan-shar.xml,P2,thin_content,city,publish,fuman,https://sarzaminaryan.ir/city/fuman/,689,0,5,6,7,7,fa.wikipedia.org,3,0,0,0,462
s-aryan-shar.xml,P2,thin_content,city,publish,galikash,https://sarzaminaryan.ir/city/galikash/,736,0,5,6,7,7,fa.wikipedia.org,3,0,0,0,1881
s-aryan-shar.xml,P2,empty_draft;no_faq;no_sources;thin_content;few_internal_links;softer_seo,city,draft,galikesh,https://sarzaminaryan.ir/?post_type=city&p=2315,0,0,0,0,0,0,,0,0,0,0,2315
s-aryan-shar.xml,P2,thin_content,city,publish,ghorveh,https://sarzaminaryan.ir/city/ghorveh/,724,0,5,6,7,9,ostan-kd.ir,3,0,0,0,1916
s-aryan-shar.xml,P2,thin_content,city,publish,gilan-e-gharb,https://sarzaminaryan.ir/city/gilan-e-gharb/,686,0,5,6,7,7,fa.wikipedia.org,3,0,0,0,484
s-aryan-shar.xml,P2,thin_content,city,publish,gomishan,https://sarzaminaryan.ir/city/gomishan/,723,0,5,6,7,7,fa.wikipedia.org,3,0,0,0,451
s-aryan-shar.xml,P2,thin_content,city,publish,gonbad-e-kavus,https://sarzaminaryan.ir/city/gonbad-e-kavus/,752,0,5,6,7,7,fa.wikipedia.org,3,0,0,0,440
s-aryan-shar.xml,P2,thin_content,city,publish,gonbaki,https://sarzaminaryan.ir/city/gonbaki/,669,0,5,6,7,7,fa.wikipedia.org,5,0,0,0,513
s-aryan-shar.xml,P2,thin_content,city,publish,gorgan,https://sarzaminaryan.ir/city/gorgan/,742,0,5,6,7,7,fa.wikipedia.org,3,0,0,0,439
s-aryan-shar.xml,P2,thin_content,city,publish,hajjiabad,https://sarzaminaryan.ir/city/hajjiabad/,728,0,5,6,7,7,fa.wikipedia.org,3,0,0,0,1892
s-aryan-shar.xml,P2,thin_content,city,publish,hamedan,https://sarzaminaryan.ir/city/hamedan/,715,0,5,6,7,7,maps.google.com,2,0,0,0,1923
s-aryan-shar.xml,P2,thin_content,city,publish,harsin,https://sarzaminaryan.ir/city/harsin/,677,0,5,6,7,7,fa.wikipedia.org,3,0,0,0,427
s-aryan-shar.xml,P2,empty_draft;no_faq;no_sources;thin_content;few_internal_links;softer_seo,city,draft,isfahan,https://sarzaminaryan.ir/?post_type=city&p=2353,0,0,0,0,0,0,,0,0,0,0,2353
s-aryan-shar.xml,P2,thin_content,city,publish,jask,https://sarzaminaryan.ir/city/jask/,745,0,5,6,7,7,fa.wikipedia.org,3,0,0,0,642
s-aryan-shar.xml,P2,thin_content,city,publish,javanrud,https://sarzaminaryan.ir/city/javanrud/,674,0,5,6,7,7,fa.wikipedia.org,4,0,0,0,419
s-aryan-shar.xml,P2,thin_content,city,publish,jazmurian,https://sarzaminaryan.ir/city/jazmurian/,659,0,5,6,7,7,fa.wikipedia.org,5,0,0,0,1860
s-aryan-shar.xml,P2,thin_content,city,publish,jiroft,https://sarzaminaryan.ir/city/jiroft/,695,0,5,6,7,7,fa.wikipedia.org,4,0,0,0,492
s-aryan-shar.xml,P2,few_internal_links,city,publish,joghatai,https://sarzaminaryan.ir/city/joghatai/,1270,0,10,5,4,45,fa.wikipedia.org,40,0,0,0,1302
s-aryan-shar.xml,P2,few_internal_links,city,publish,jovein,https://sarzaminaryan.ir/city/jovein/,1275,0,10,5,4,45,fa.wikipedia.org,40,0,0,0,1303
s-aryan-shar.xml,P2,empty_draft;no_faq;no_sources;thin_content;few_internal_links;softer_seo,city,draft,kabudarahang-city,https://sarzaminaryan.ir/?post_type=city&p=2303,0,0,0,0,0,0,,0,0,0,0,2303
s-aryan-shar.xml,P2,thin_content,city,publish,kabutarahang,https://sarzaminaryan.ir/city/kabutarahang/,694,0,5,6,7,7,maps.google.com,2,0,0,0,1926
s-aryan-shar.xml,P2,thin_content,city,publish,kahnuj,https://sarzaminaryan.ir/city/kahnuj/,659,0,5,6,7,7,fa.wikipedia.org,4,0,0,0,1850
s-aryan-shar.xml,P2,thin_content,city,publish,kalaleh,https://sarzaminaryan.ir/city/kalaleh/,722,0,5,6,7,7,fa.wikipedia.org,4,0,0,0,446
s-aryan-shar.xml,P2,thin_content,city,publish,kamyaran,https://sarzaminaryan.ir/city/kamyaran/,721,0,5,6,7,9,fa.wikipedia.org,4,0,0,0,403
s-aryan-shar.xml,P2,thin_content,city,publish,kangavar,https://sarzaminaryan.ir/city/kangavar/,660,0,5,6,7,7,fa.wikipedia.org,3,0,0,0,425
s-aryan-shar.xml,P2,thin_content,city,publish,kerman,https://sarzaminaryan.ir/city/kerman/,735,0,5,6,7,7,fa.wikipedia.org,4,0,0,0,489
s-aryan-shar.xml,P2,thin_content,city,publish,kermanshah,https://sarzaminaryan.ir/city/kermanshah/,729,0,5,6,7,7,fa.wikipedia.org,3,0,0,0,416
s-aryan-shar.xml,P2,thin_content,city,publish,khamir,https://sarzaminaryan.ir/city/khamir/,739,0,5,6,7,7,fa.wikipedia.org,3,0,0,0,647
s-aryan-shar.xml,P2,thin_content,city,publish,khanmirza,https://sarzaminaryan.ir/city/khanmirza/,729,0,5,6,7,7,fa.wikipedia.org,4,0,0,0,237
s-aryan-shar.xml,P2,thin_content,city,publish,khatam,https://sarzaminaryan.ir/city/khatam/,705,0,5,6,7,8,fa.wikipedia.org,3,0,0,0,1943
s-aryan-shar.xml,P2,thin_content,city,publish,khomam,https://sarzaminaryan.ir/city/khomam/,702,0,5,6,7,7,fa.wikipedia.org,3,0,0,0,465
s-aryan-shar.xml,P2,thin_content,city,publish,khomeyn,https://sarzaminaryan.ir/city/khomeyn/,780,0,5,6,7,9,fa.wikipedia.org,5,0,0,0,568
s-aryan-shar.xml,P2,thin_content,city,publish,khondab,https://sarzaminaryan.ir/city/khondab/,761,0,5,6,7,9,fa.wikipedia.org,5,0,0,0,571
s-aryan-shar.xml,P2,few_internal_links,city,publish,khoshab,https://sarzaminaryan.ir/city/khoshab/,1311,0,10,5,4,45,fa.wikipedia.org,40,0,0,0,1306
s-aryan-shar.xml,P2,thin_content,city,publish,kiar,https://sarzaminaryan.ir/city/kiar/,732,0,5,6,7,7,fa.wikipedia.org,3,0,0,0,236
s-aryan-shar.xml,P2,thin_content,city,publish,komijan,https://sarzaminaryan.ir/city/komijan/,750,0,5,6,7,9,fa.wikipedia.org,6,0,0,0,573
s-aryan-shar.xml,P2,thin_content,city,publish,kordkuy,https://sarzaminaryan.ir/city/kordkuy/,728,0,5,6,7,7,fa.wikipedia.org,3,0,0,0,443
s-aryan-shar.xml,P2,thin_content,city,publish,kuhbanan,https://sarzaminaryan.ir/city/kuhbanan/,657,0,5,6,7,7,fa.wikipedia.org,4,0,0,0,511
s-aryan-shar.xml,P2,thin_content,city,publish,kuhrang,https://sarzaminaryan.ir/city/kuhrang/,728,0,5,6,7,7,fa.wikipedia.org,3,0,0,0,230
s-aryan-shar.xml,P2,thin_content,city,publish,lahijan,https://sarzaminaryan.ir/city/lahijan/,698,0,5,6,7,7,fa.wikipedia.org,3,0,0,0,455
s-aryan-shar.xml,P2,thin_content,city,publish,langarud,https://sarzaminaryan.ir/city/langarud/,693,0,5,6,7,7,fa.wikipedia.org,3,0,0,0,457
s-aryan-shar.xml,P2,thin_content,city,publish,lordegan,https://sarzaminaryan.ir/city/lordegan/,750,0,5,6,7,7,fa.wikipedia.org,3,0,0,0,233
s-aryan-shar.xml,P2,thin_content,city,publish,mahallat,https://sarzaminaryan.ir/city/mahallat/,778,0,5,6,7,9,fa.wikipedia.org,5,0,0,0,570
s-aryan-shar.xml,P2,thin_content,city,publish,malayer,https://sarzaminaryan.ir/city/malayer/,700,0,5,6,7,7,maps.google.com,2,0,0,0,1924
s-aryan-shar.xml,P2,thin_content;few_internal_links,city,publish,maneh,https://sarzaminaryan.ir/city/maneh/,689,0,3,5,4,7,fa.wikipedia.org,5,0,0,0,74
s-aryan-shar.xml,P2,thin_content,city,publish,manujan,https://sarzaminaryan.ir/city/manujan/,653,0,5,6,7,7,fa.wikipedia.org,4,0,0,0,502
s-aryan-shar.xml,P2,thin_content,city,publish,maraveh-tappeh,https://sarzaminaryan.ir/city/maraveh-tappeh/,722,0,5,6,7,7,fa.wikipedia.org,3,0,0,0,449
s-aryan-shar.xml,P2,thin_content,city,publish,marivan,https://sarzaminaryan.ir/city/marivan/,730,0,5,6,7,9,fa.wikipedia.org,3,0,0,0,404
s-aryan-shar.xml,P2,thin_content,city,publish,marvast,https://sarzaminaryan.ir/city/marvast/,724,0,5,6,7,8,fa.wikipedia.org,6,0,0,0,1947
s-aryan-shar.xml,P2,thin_content,city,publish,masal,https://sarzaminaryan.ir/city/masal/,689,0,5,6,7,7,fa.wikipedia.org,3,0,0,0,466
s-aryan-shar.xml,P2,few_internal_links,city,publish,mashhad,https://sarzaminaryan.ir/city/mashhad/,1438,0,10,5,4,44,fa.wikipedia.org,40,0,0,0,63
s-aryan-shar.xml,P2,thin_content,city,publish,mehriz,https://sarzaminaryan.ir/city/mehriz/,695,0,5,6,7,8,fa.wikipedia.org,3,0,0,0,1939
s-aryan-shar.xml,P2,thin_content,city,publish,meybod,https://sarzaminaryan.ir/city/meybod/,702,0,5,6,7,8,fa.wikipedia.org,3,0,0,0,1937
s-aryan-shar.xml,P2,thin_content,city,publish,minab,https://sarzaminaryan.ir/city/minab/,733,0,5,6,7,7,fa.wikipedia.org,3,0,0,0,639
s-aryan-shar.xml,P2,thin_content,city,publish,minudasht,https://sarzaminaryan.ir/city/minudasht/,716,0,5,6,7,7,fa.wikipedia.org,3,0,0,0,447
s-aryan-shar.xml,P2,thin_content,city,publish,nahavand,https://sarzaminaryan.ir/city/nahavand/,673,0,5,6,7,7,maps.google.com,2,0,0,0,1925
s-aryan-shar.xml,P2,thin_content,city,publish,narmashir,https://sarzaminaryan.ir/city/narmashir/,661,0,5,6,7,7,fa.wikipedia.org,4,0,0,0,505
s-aryan-shar.xml,P2,few_internal_links,city,publish,neyshabur,https://sarzaminaryan.ir/city/neyshabur/,1328,0,10,5,4,44,fa.wikipedia.org,40,0,0,0,64
s-aryan-shar.xml,P2,thin_content,city,publish,parsian,https://sarzaminaryan.ir/city/parsian/,725,0,5,6,7,7,fa.wikipedia.org,3,0,0,0,646
s-aryan-shar.xml,P2,thin_content,city,publish,paveh,https://sarzaminaryan.ir/city/paveh/,689,0,5,6,7,7,fa.wikipedia.org,3,0,0,0,418
s-aryan-shar.xml,P2,thin_content,city,publish,qaleh-ganj,https://sarzaminaryan.ir/city/qaleh-ganj/,670,0,5,6,7,7,fa.wikipedia.org,4,0,0,0,500
s-aryan-shar.xml,P2,thin_content,city,publish,qasr-e-shirin,https://sarzaminaryan.ir/city/qasr-e-shirin/,709,0,5,6,7,7,fa.wikipedia.org,4,0,0,0,424
s-aryan-shar.xml,P2,thin_content,city,publish,qeshm,https://sarzaminaryan.ir/city/qeshm/,753,0,5,6,7,7,fa.wikipedia.org,3,0,0,0,640
s-aryan-shar.xml,P2,few_internal_links,city,publish,quchan,https://sarzaminaryan.ir/city/quchan/,1340,0,10,5,4,44,fa.wikipedia.org,40,0,0,0,68
s-aryan-shar.xml,P2,thin_content,city,publish,rabor,https://sarzaminaryan.ir/city/rabor/,646,0,5,6,7,7,fa.wikipedia.org,4,0,0,0,509
s-aryan-shar.xml,P2,thin_content,city,publish,rafsanjan,https://sarzaminaryan.ir/city/rafsanjan/,708,0,5,6,7,7,fa.wikipedia.org,4,0,0,0,491
s-aryan-shar.xml,P2,thin_content,city,publish,ramian,https://sarzaminaryan.ir/city/ramian/,712,0,5,6,7,7,fa.wikipedia.org,5,0,0,0,445
s-aryan-shar.xml,P2,thin_content,city,publish,rasht,https://sarzaminaryan.ir/city/rasht/,754,0,5,6,7,7,fa.wikipedia.org,3,0,0,0,453
s-aryan-shar.xml,P2,thin_content,city,publish,ravansar,https://sarzaminaryan.ir/city/ravansar/,664,0,5,6,7,7,fa.wikipedia.org,4,0,0,0,420
s-aryan-shar.xml,P2,thin_content,city,publish,ravar,https://sarzaminaryan.ir/city/ravar/,656,0,5,6,7,7,fa.wikipedia.org,4,0,0,0,506
s-aryan-shar.xml,P2,thin_content,city,publish,razan,https://sarzaminaryan.ir/city/razan/,692,0,5,6,7,7,citypopulation.de,2,0,0,0,1928
s-aryan-shar.xml,P2,thin_content,city,publish,rezvanshahr,https://sarzaminaryan.ir/city/rezvanshahr/,687,0,5,6,7,7,fa.wikipedia.org,3,0,0,0,464
s-aryan-shar.xml,P2,thin_content,city,publish,rigan,https://sarzaminaryan.ir/city/rigan/,669,0,5,6,7,7,fa.wikipedia.org,4,0,0,0,503
s-aryan-shar.xml,P2,thin_content,city,publish,rudan,https://sarzaminaryan.ir/city/rudan/,719,0,5,6,7,7,fa.wikipedia.org,3,0,0,0,643
s-aryan-shar.xml,P2,thin_content,city,publish,rudbar,https://sarzaminaryan.ir/city/rudbar/,693,0,5,6,7,7,fa.wikipedia.org,3,0,0,0,461
s-aryan-shar.xml,P2,thin_content,city,publish,rudbar-e-jonubi,https://sarzaminaryan.ir/city/rudbar-e-jonubi/,658,0,5,6,7,7,fa.wikipedia.org,4,0,0,0,1858
s-aryan-shar.xml,P2,thin_content,city,publish,rudsar,https://sarzaminaryan.ir/city/rudsar/,702,0,5,6,7,7,fa.wikipedia.org,3,0,0,0,456
s-aryan-shar.xml,P2,few_internal_links,city,publish,sabzevar,https://sarzaminaryan.ir/city/sabzevar/,1350,0,10,5,4,44,fa.wikipedia.org,40,0,0,0,65
s-aryan-shar.xml,P2,thin_content,city,publish,sahneh,https://sarzaminaryan.ir/city/sahneh/,664,0,5,6,7,7,fa.wikipedia.org,4,0,0,0,423
s-aryan-shar.xml,P2,thin_content,city,publish,salas-e-babajani,https://sarzaminaryan.ir/city/salas-e-babajani/,676,0,5,6,7,7,fa.wikipedia.org,4,0,0,0,483
s-aryan-shar.xml,P2,thin_content;few_internal_links,city,publish,samalqan,https://sarzaminaryan.ir/city/samalqan/,733,0,3,5,4,7,fa.wikipedia.org,5,0,0,0,76
s-aryan-shar.xml,P2,thin_content,city,publish,saman,https://sarzaminaryan.ir/city/saman/,721,0,5,6,7,7,fa.wikipedia.org,4,0,0,0,231
s-aryan-shar.xml,P2,thin_content,city,publish,sanandaj,https://sarzaminaryan.ir/city/sanandaj/,736,0,5,6,7,9,fa.wikipedia.org,3,0,0,0,395
s-aryan-shar.xml,P2,thin_content,city,publish,saqqez,https://sarzaminaryan.ir/city/saqqez/,736,0,5,6,7,9,fa.wikipedia.org,3,0,0,0,401
s-aryan-shar.xml,P2,thin_content,city,publish,sarpol-e-zahab,https://sarzaminaryan.ir/city/sarpol-e-zahab/,699,0,5,6,7,7,fa.wikipedia.org,4,0,0,0,421
s-aryan-shar.xml,P2,thin_content,city,publish,sarvabad,https://sarzaminaryan.ir/city/sarvabad/,739,0,5,6,7,9,fa.wikipedia.org,3,0,0,0,400
s-aryan-shar.xml,P2,thin_content,city,publish,saveh,https://sarzaminaryan.ir/city/saveh/,785,0,5,6,7,9,fa.wikipedia.org,4,0,0,0,566
s-aryan-shar.xml,P2,thin_content,city,publish,shaft,https://sarzaminaryan.ir/city/shaft/,676,0,5,6,7,7,fa.wikipedia.org,3,0,0,0,467
s-aryan-shar.xml,P2,empty_draft;no_faq;no_sources;thin_content;few_internal_links;softer_seo,city,draft,shahdad,https://sarzaminaryan.ir/?post_type=city&p=2358,0,0,0,0,0,0,,0,0,0,0,2358
s-aryan-shar.xml,P2,thin_content,city,publish,shahr-e-babak,https://sarzaminaryan.ir/city/shahr-e-babak/,667,0,5,6,7,7,fa.wikipedia.org,4,0,0,0,495
s-aryan-shar.xml,P2,thin_content,city,publish,sharekurd,https://sarzaminaryan.ir/city/sharekurd/,773,0,5,6,7,7,fa.wikipedia.org,3,0,0,0,1899
s-aryan-shar.xml,P2,thin_content,city,publish,shazand,https://sarzaminaryan.ir/city/shazand/,770,0,5,6,7,9,fa.wikipedia.org,5,0,0,0,567
s-aryan-shar.xml,P2,few_internal_links,city,publish,sheshtamad,https://sarzaminaryan.ir/city/sheshtamad/,1209,0,10,5,4,45,fa.wikipedia.org,40,0,0,0,1312
s-aryan-shar.xml,P2,thin_content,city,publish,siahkal,https://sarzaminaryan.ir/city/siahkal/,692,0,5,6,7,7,fa.wikipedia.org,3,0,0,0,468
s-aryan-shar.xml,P2,thin_content,city,publish,sirik,https://sarzaminaryan.ir/city/sirik/,731,0,5,6,7,7,fa.wikipedia.org,3,0,0,0,648
s-aryan-shar.xml,P2,thin_content,city,publish,sirjan,https://sarzaminaryan.ir/city/sirjan/,703,0,5,6,7,7,fa.wikipedia.org,4,0,0,0,490
s-aryan-shar.xml,P2,thin_content,city,publish,sonqor,https://sarzaminaryan.ir/city/sonqor/,675,0,5,6,7,7,fa.wikipedia.org,4,0,0,0,422
s-aryan-shar.xml,P2,thin_content,city,publish,sowme-eh-sara,https://sarzaminaryan.ir/city/sowme-eh-sara/,685,0,5,6,7,7,fa.wikipedia.org,3,0,0,0,1832
s-aryan-shar.xml,P2,thin_content,city,publish,tafresh,https://sarzaminaryan.ir/city/tafresh/,765,0,5,6,7,9,fa.wikipedia.org,5,0,0,0,575
s-aryan-shar.xml,P2,thin_content,city,publish,taft,https://sarzaminaryan.ir/city/taft/,697,0,5,6,7,8,fa.wikipedia.org,3,0,0,0,1942
s-aryan-shar.xml,P2,thin_content,city,publish,talesh,https://sarzaminaryan.ir/city/talesh/,725,0,5,6,7,7,fa.wikipedia.org,3,0,0,0,454
s-aryan-shar.xml,P2,thin_content,city,publish,torkaman,https://sarzaminaryan.ir/city/torkaman/,732,0,5,6,7,7,fa.wikipedia.org,3,0,0,0,1877
s-aryan-shar.xml,P2,thin_content;few_internal_links,city,publish,torkamanchay,https://sarzaminaryan.ir/city/torkamanchay/,762,0,3,5,4,7,fa.wikipedia.org,4,0,0,0,1299
s-aryan-shar.xml,P2,thin_content,city,publish,tuyserkan,https://sarzaminaryan.ir/city/tuyserkan/,666,0,5,6,7,7,maps.google.com,2,0,0,0,1929
s-aryan-shar.xml,P2,thin_content,city,publish,yazd,https://sarzaminaryan.ir/city/yazd/,710,0,5,6,7,8,fa.wikipedia.org,3,0,0,0,1936
s-aryan-shar.xml,P2,thin_content,city,publish,zarach,https://sarzaminaryan.ir/city/zarach/,713,0,5,6,7,8,fa.wikipedia.org,5,0,0,0,1946
s-aryan-shar.xml,P2,thin_content,city,publish,zarand,https://sarzaminaryan.ir/city/zarand/,666,0,5,6,7,7,fa.wikipedia.org,4,0,0,0,494
s-aryan-shar.xml,P2,thin_content,city,publish,zarandieh,https://sarzaminaryan.ir/city/zarandieh/,760,0,5,6,7,9,fa.wikipedia.org,5,0,0,0,569
s.aryan.ostanha.31.xml,P2,few_internal_links,province,publish,ardabil,https://sarzaminaryan.ir/province/ardabil/,7227,0,12,30,1,130,fa.wikipedia.org,23,0,0,0,33
s.aryan.ostanha.31.xml,P2,few_internal_links,province,publish,chaharmahal-bakhtiari,https://sarzaminaryan.ir/province/chaharmahal-bakhtiari/,7037,0,12,25,1,146,fa.wikipedia.org,46,0,0,0,45
s.aryan.ostanha.31.xml,P2,few_internal_links,province,publish,east-azerbaijan,https://sarzaminaryan.ir/province/east-azerbaijan/,8061,0,13,44,1,43,mehrnews.com,10,0,0,0,29
s.aryan.ostanha.31.xml,P2,few_internal_links,province,publish,fars,https://sarzaminaryan.ir/province/fars/,4754,0,14,19,1,67,fa.wikipedia.org,19,0,0,0,263
s.aryan.ostanha.31.xml,P2,few_internal_links,province,publish,gilan,https://sarzaminaryan.ir/province/gilan/,7418,0,12,70,4,0,,0,0,0,0,414
s.aryan.ostanha.31.xml,P2,few_internal_links,province,publish,ilam,https://sarzaminaryan.ir/province/ilam/,4817,0,12,30,1,66,tasnimnews.ir,12,0,0,0,39
s.aryan.ostanha.31.xml,P2,few_internal_links,province,publish,isfahan,https://sarzaminaryan.ir/province/isfahan/,7718,0,12,32,1,152,britannica.com,30,0,0,0,35
s.aryan.ostanha.31.xml,P2,few_internal_links,province,publish,kerman,https://sarzaminaryan.ir/province/kerman/,6701,0,12,69,3,0,,0,0,0,0,476
s.aryan.ostanha.31.xml,P2,few_internal_links,province,publish,kurdistan,https://sarzaminaryan.ir/province/kurdistan/,7986,0,12,70,3,426,fa.wikipedia.org,91,0,0,0,393
s.aryan.ostanha.31.xml,P2,few_internal_links,province,publish,lorestan,https://sarzaminaryan.ir/province/lorestan/,6273,0,12,69,4,0,,0,0,0,0,478
s.aryan.ostanha.31.xml,P2,few_internal_links,province,publish,north-khorasan,https://sarzaminaryan.ir/province/north-khorasan/,6448,0,12,19,1,137,fa.wikipedia.org,35,0,0,0,52
s.aryan.ostanha.31.xml,P2,few_internal_links,province,publish,qazvin,https://sarzaminaryan.ir/province/qazvin/,4445,0,14,19,0,142,ghasedak24.com,38,0,0,0,265
s.aryan.ostanha.31.xml,P2,few_internal_links,province,publish,qom,https://sarzaminaryan.ir/province/qom/,4224,0,14,8,0,40,fa.wikipedia.org,12,0,0,0,267
s.aryan.ostanha.31.xml,P2,few_internal_links,province,publish,sistan-baluchestan,https://sarzaminaryan.ir/province/sistan-baluchestan/,4954,0,14,27,1,106,fa.wikipedia.org,21,0,0,0,261
s.aryan.ostanha.31.xml,P2,few_internal_links,province,publish,south-khorasan,https://sarzaminaryan.ir/province/south-khorasan/,4622,0,12,18,1,111,tasnimnews.ir,36,0,0,0,47
s.aryan.ostanha.31.xml,P2,few_internal_links,province,publish,tehran,https://sarzaminaryan.ir/province/tehran/,7664,0,12,30,0,0,,0,0,0,0,43
s.aryan.ostanha.31.xml,P2,few_internal_links,province,publish,yazd,https://sarzaminaryan.ir/province/yazd/,5289,0,12,43,4,0,,0,0,0,0,633
